<?xml version="1.0" encoding="UTF-8"?>

<!--XBRL Document Created with Wdesk from Workiva-->
<!--Copyright 2021 Workiva-->
<!--r:5bfd1183-4800-4a6d-bb84-3eb21b4b6a70,g:91fb88fe-0667-447d-bd8c-637080e74f43-->
<link:linkbase xmlns:link="http://www.xbrl.org/2003/linkbase" xmlns:xlink="http://www.w3.org/1999/xlink" xmlns:xsi="http://www.w3.org/2001/XMLSchema-instance" xsi:schemaLocation="http://www.xbrl.org/2003/linkbase http://www.xbrl.org/2003/xbrl-linkbase-2003-12-31.xsd">
  <link:roleRef roleURI="http://www.gleif.org/role/StatementofcomprehensiveincomeprofitorlossbyfunctionofexpenseStatement" xlink:type="simple" xlink:href="gleif-2020-12-31.xsd#StatementofcomprehensiveincomeprofitorlossbyfunctionofexpenseStatement"/>
  <link:calculationLink xlink:role="http://www.gleif.org/role/StatementofcomprehensiveincomeprofitorlossbyfunctionofexpenseStatement" xlink:type="extended">
    <link:loc xlink:type="locator" xlink:label="loc_ifrs-full_OtherComprehensiveIncome_ece64418-900d-403e-b7f7-61883b9a87b3" xlink:href="http://xbrl.ifrs.org/taxonomy/2019-03-27/full_ifrs/full_ifrs-cor_2019-03-27.xsd#ifrs-full_OtherComprehensiveIncome"/>
    <link:loc xlink:type="locator" xlink:label="loc_ifrs-full_OtherComprehensiveIncomeThatWillNotBeReclassifiedToProfitOrLossNetOfTax_e315fa8d-32e6-4307-8692-83aeac7c45d8" xlink:href="http://xbrl.ifrs.org/taxonomy/2019-03-27/full_ifrs/full_ifrs-cor_2019-03-27.xsd#ifrs-full_OtherComprehensiveIncomeThatWillNotBeReclassifiedToProfitOrLossNetOfTax"/>
    <link:calculationArc order="1" weight="1.0" xlink:arcrole="http://www.xbrl.org/2003/arcrole/summation-item" xlink:from="loc_ifrs-full_OtherComprehensiveIncome_ece64418-900d-403e-b7f7-61883b9a87b3" xlink:to="loc_ifrs-full_OtherComprehensiveIncomeThatWillNotBeReclassifiedToProfitOrLossNetOfTax_e315fa8d-32e6-4307-8692-83aeac7c45d8" xlink:type="arc"/>
    <link:loc xlink:type="locator" xlink:label="loc_ifrs-full_ProfitLoss_a5fd5955-bcf9-4dc5-98ca-67a6e2395baa" xlink:href="http://xbrl.ifrs.org/taxonomy/2019-03-27/full_ifrs/full_ifrs-cor_2019-03-27.xsd#ifrs-full_ProfitLoss"/>
    <link:loc xlink:type="locator" xlink:label="loc_ifrs-full_RevenueFromGovernmentGrants_45f5eb7e-3cc6-4955-b0e5-f48092dddf5b" xlink:href="http://xbrl.ifrs.org/taxonomy/2019-03-27/full_ifrs/full_ifrs-cor_2019-03-27.xsd#ifrs-full_RevenueFromGovernmentGrants"/>
    <link:calculationArc order="1" weight="1.0" xlink:arcrole="http://www.xbrl.org/2003/arcrole/summation-item" xlink:from="loc_ifrs-full_ProfitLoss_a5fd5955-bcf9-4dc5-98ca-67a6e2395baa" xlink:to="loc_ifrs-full_RevenueFromGovernmentGrants_45f5eb7e-3cc6-4955-b0e5-f48092dddf5b" xlink:type="arc"/>
    <link:loc xlink:type="locator" xlink:label="loc_ifrs-full_FinanceIncomeCost_655afe97-f6f5-4444-a3aa-fdf73d9a5617" xlink:href="http://xbrl.ifrs.org/taxonomy/2019-03-27/full_ifrs/full_ifrs-cor_2019-03-27.xsd#ifrs-full_FinanceIncomeCost"/>
    <link:calculationArc order="2" weight="1.0" xlink:arcrole="http://www.xbrl.org/2003/arcrole/summation-item" xlink:from="loc_ifrs-full_ProfitLoss_a5fd5955-bcf9-4dc5-98ca-67a6e2395baa" xlink:to="loc_ifrs-full_FinanceIncomeCost_655afe97-f6f5-4444-a3aa-fdf73d9a5617" xlink:type="arc"/>
    <link:loc xlink:type="locator" xlink:label="loc_ifrs-full_ProfitLossFromOperatingActivities_f8cca228-9321-4a60-aaf2-c5ba15106996" xlink:href="http://xbrl.ifrs.org/taxonomy/2019-03-27/full_ifrs/full_ifrs-cor_2019-03-27.xsd#ifrs-full_ProfitLossFromOperatingActivities"/>
    <link:calculationArc order="3" weight="1.0" xlink:arcrole="http://www.xbrl.org/2003/arcrole/summation-item" xlink:from="loc_ifrs-full_ProfitLoss_a5fd5955-bcf9-4dc5-98ca-67a6e2395baa" xlink:to="loc_ifrs-full_ProfitLossFromOperatingActivities_f8cca228-9321-4a60-aaf2-c5ba15106996" xlink:type="arc"/>
    <link:loc xlink:type="locator" xlink:label="loc_ifrs-full_EmployeeBenefitsExpense_2cb3e4c1-cb62-4b07-9fc2-49d22caf29bd" xlink:href="http://xbrl.ifrs.org/taxonomy/2019-03-27/full_ifrs/full_ifrs-cor_2019-03-27.xsd#ifrs-full_EmployeeBenefitsExpense"/>
    <link:loc xlink:type="locator" xlink:label="loc_ifrs-full_WagesAndSalaries_72e581a2-47b9-4e0d-b7eb-6e14f109d679" xlink:href="http://xbrl.ifrs.org/taxonomy/2019-03-27/full_ifrs/full_ifrs-cor_2019-03-27.xsd#ifrs-full_WagesAndSalaries"/>
    <link:calculationArc order="1" weight="1.0" xlink:arcrole="http://www.xbrl.org/2003/arcrole/summation-item" xlink:from="loc_ifrs-full_EmployeeBenefitsExpense_2cb3e4c1-cb62-4b07-9fc2-49d22caf29bd" xlink:to="loc_ifrs-full_WagesAndSalaries_72e581a2-47b9-4e0d-b7eb-6e14f109d679" xlink:type="arc"/>
    <link:loc xlink:type="locator" xlink:label="loc_gleif_SocialContributionsAndExpensesForPensionsAndCare_083a71a0-a854-476a-a741-5593fcb5ac73" xlink:href="gleif-2020-12-31.xsd#gleif_SocialContributionsAndExpensesForPensionsAndCare"/>
    <link:calculationArc order="2" weight="1.0" xlink:arcrole="http://www.xbrl.org/2003/arcrole/summation-item" xlink:from="loc_ifrs-full_EmployeeBenefitsExpense_2cb3e4c1-cb62-4b07-9fc2-49d22caf29bd" xlink:to="loc_gleif_SocialContributionsAndExpensesForPensionsAndCare_083a71a0-a854-476a-a741-5593fcb5ac73" xlink:type="arc"/>
    <link:loc xlink:type="locator" xlink:label="loc_ifrs-full_ComprehensiveIncome_1a2b1bf3-f781-4f84-8a7c-1541a0318d2f" xlink:href="http://xbrl.ifrs.org/taxonomy/2019-03-27/full_ifrs/full_ifrs-cor_2019-03-27.xsd#ifrs-full_ComprehensiveIncome"/>
    <link:loc xlink:type="locator" xlink:label="loc_ifrs-full_OtherComprehensiveIncome_8841fc16-e3f2-48c9-9abf-837bff40cf49" xlink:href="http://xbrl.ifrs.org/taxonomy/2019-03-27/full_ifrs/full_ifrs-cor_2019-03-27.xsd#ifrs-full_OtherComprehensiveIncome"/>
    <link:calculationArc order="1" weight="1.0" xlink:arcrole="http://www.xbrl.org/2003/arcrole/summation-item" xlink:from="loc_ifrs-full_ComprehensiveIncome_1a2b1bf3-f781-4f84-8a7c-1541a0318d2f" xlink:to="loc_ifrs-full_OtherComprehensiveIncome_8841fc16-e3f2-48c9-9abf-837bff40cf49" xlink:type="arc"/>
    <link:loc xlink:type="locator" xlink:label="loc_ifrs-full_ProfitLoss_5c7243dc-76a3-48d9-a382-4dfd99305805" xlink:href="http://xbrl.ifrs.org/taxonomy/2019-03-27/full_ifrs/full_ifrs-cor_2019-03-27.xsd#ifrs-full_ProfitLoss"/>
    <link:calculationArc order="2" weight="1.0" xlink:arcrole="http://www.xbrl.org/2003/arcrole/summation-item" xlink:from="loc_ifrs-full_ComprehensiveIncome_1a2b1bf3-f781-4f84-8a7c-1541a0318d2f" xlink:to="loc_ifrs-full_ProfitLoss_5c7243dc-76a3-48d9-a382-4dfd99305805" xlink:type="arc"/>
    <link:loc xlink:type="locator" xlink:label="loc_ifrs-full_OtherComprehensiveIncomeThatWillNotBeReclassifiedToProfitOrLossNetOfTax_6ae92e2f-a1bb-4e44-8003-2595fa0118ce" xlink:href="http://xbrl.ifrs.org/taxonomy/2019-03-27/full_ifrs/full_ifrs-cor_2019-03-27.xsd#ifrs-full_OtherComprehensiveIncomeThatWillNotBeReclassifiedToProfitOrLossNetOfTax"/>
    <link:loc xlink:type="locator" xlink:label="loc_ifrs-full_OtherComprehensiveIncomeNetOfTaxGainsLossesOnRemeasurementsOfDefinedBenefitPlans_4bb4638b-6c45-4881-bbc6-a0cadf40716e" xlink:href="http://xbrl.ifrs.org/taxonomy/2019-03-27/full_ifrs/full_ifrs-cor_2019-03-27.xsd#ifrs-full_OtherComprehensiveIncomeNetOfTaxGainsLossesOnRemeasurementsOfDefinedBenefitPlans"/>
    <link:calculationArc order="1" weight="1.0" xlink:arcrole="http://www.xbrl.org/2003/arcrole/summation-item" xlink:from="loc_ifrs-full_OtherComprehensiveIncomeThatWillNotBeReclassifiedToProfitOrLossNetOfTax_6ae92e2f-a1bb-4e44-8003-2595fa0118ce" xlink:to="loc_ifrs-full_OtherComprehensiveIncomeNetOfTaxGainsLossesOnRemeasurementsOfDefinedBenefitPlans_4bb4638b-6c45-4881-bbc6-a0cadf40716e" xlink:type="arc"/>
    <link:loc xlink:type="locator" xlink:label="loc_ifrs-full_ProfitLossFromOperatingActivities_be4cbb7e-4b9b-457b-b8da-eac1f9e5e70f" xlink:href="http://xbrl.ifrs.org/taxonomy/2019-03-27/full_ifrs/full_ifrs-cor_2019-03-27.xsd#ifrs-full_ProfitLossFromOperatingActivities"/>
    <link:loc xlink:type="locator" xlink:label="loc_ifrs-full_LicenceFeeIncome_e3ecd3ce-3f2b-4601-aacb-0dbb7f9eaf44" xlink:href="http://xbrl.ifrs.org/taxonomy/2019-03-27/full_ifrs/full_ifrs-cor_2019-03-27.xsd#ifrs-full_LicenceFeeIncome"/>
    <link:calculationArc order="1" weight="1.0" xlink:arcrole="http://www.xbrl.org/2003/arcrole/summation-item" xlink:from="loc_ifrs-full_ProfitLossFromOperatingActivities_be4cbb7e-4b9b-457b-b8da-eac1f9e5e70f" xlink:to="loc_ifrs-full_LicenceFeeIncome_e3ecd3ce-3f2b-4601-aacb-0dbb7f9eaf44" xlink:type="arc"/>
    <link:loc xlink:type="locator" xlink:label="loc_ifrs-full_EmployeeBenefitsExpense_540816a5-b9eb-4e9a-80f3-897b3f7a8e43" xlink:href="http://xbrl.ifrs.org/taxonomy/2019-03-27/full_ifrs/full_ifrs-cor_2019-03-27.xsd#ifrs-full_EmployeeBenefitsExpense"/>
    <link:calculationArc order="2" weight="-1.0" xlink:arcrole="http://www.xbrl.org/2003/arcrole/summation-item" xlink:from="loc_ifrs-full_ProfitLossFromOperatingActivities_be4cbb7e-4b9b-457b-b8da-eac1f9e5e70f" xlink:to="loc_ifrs-full_EmployeeBenefitsExpense_540816a5-b9eb-4e9a-80f3-897b3f7a8e43" xlink:type="arc"/>
    <link:loc xlink:type="locator" xlink:label="loc_ifrs-full_OtherIncome_a4d5b919-3a7f-40cd-bc0a-1ae828680b95" xlink:href="http://xbrl.ifrs.org/taxonomy/2019-03-27/full_ifrs/full_ifrs-cor_2019-03-27.xsd#ifrs-full_OtherIncome"/>
    <link:calculationArc order="3" weight="1.0" xlink:arcrole="http://www.xbrl.org/2003/arcrole/summation-item" xlink:from="loc_ifrs-full_ProfitLossFromOperatingActivities_be4cbb7e-4b9b-457b-b8da-eac1f9e5e70f" xlink:to="loc_ifrs-full_OtherIncome_a4d5b919-3a7f-40cd-bc0a-1ae828680b95" xlink:type="arc"/>
    <link:loc xlink:type="locator" xlink:label="loc_ifrs-full_DepreciationAndAmortisationExpense_edc6ace6-b5c7-407a-afbd-2c7b55517719" xlink:href="http://xbrl.ifrs.org/taxonomy/2019-03-27/full_ifrs/full_ifrs-cor_2019-03-27.xsd#ifrs-full_DepreciationAndAmortisationExpense"/>
    <link:calculationArc order="4" weight="-1.0" xlink:arcrole="http://www.xbrl.org/2003/arcrole/summation-item" xlink:from="loc_ifrs-full_ProfitLossFromOperatingActivities_be4cbb7e-4b9b-457b-b8da-eac1f9e5e70f" xlink:to="loc_ifrs-full_DepreciationAndAmortisationExpense_edc6ace6-b5c7-407a-afbd-2c7b55517719" xlink:type="arc"/>
    <link:loc xlink:type="locator" xlink:label="loc_ifrs-full_OtherExpenseByNature_acb75711-b159-488e-83a0-9478d94db09f" xlink:href="http://xbrl.ifrs.org/taxonomy/2019-03-27/full_ifrs/full_ifrs-cor_2019-03-27.xsd#ifrs-full_OtherExpenseByNature"/>
    <link:calculationArc order="5" weight="-1.0" xlink:arcrole="http://www.xbrl.org/2003/arcrole/summation-item" xlink:from="loc_ifrs-full_ProfitLossFromOperatingActivities_be4cbb7e-4b9b-457b-b8da-eac1f9e5e70f" xlink:to="loc_ifrs-full_OtherExpenseByNature_acb75711-b159-488e-83a0-9478d94db09f" xlink:type="arc"/>
  </link:calculationLink>
  <link:roleRef roleURI="http://www.gleif.org/role/StatementoffinancialpositioncurrentnoncurrentStatement" xlink:type="simple" xlink:href="gleif-2020-12-31.xsd#StatementoffinancialpositioncurrentnoncurrentStatement"/>
  <link:calculationLink xlink:role="http://www.gleif.org/role/StatementoffinancialpositioncurrentnoncurrentStatement" xlink:type="extended">
    <link:loc xlink:type="locator" xlink:label="loc_ifrs-full_CurrentLiabilities_34e028e0-0976-47c7-9668-f0b6f6f550e8" xlink:href="http://xbrl.ifrs.org/taxonomy/2019-03-27/full_ifrs/full_ifrs-cor_2019-03-27.xsd#ifrs-full_CurrentLiabilities"/>
    <link:loc xlink:type="locator" xlink:label="loc_gleif_LiabilitiesDueToBoardDirectors_9faed783-53c5-4b76-a45e-0534e13177f0" xlink:href="gleif-2020-12-31.xsd#gleif_LiabilitiesDueToBoardDirectors"/>
    <link:calculationArc order="1" weight="1.0" xlink:arcrole="http://www.xbrl.org/2003/arcrole/summation-item" xlink:from="loc_ifrs-full_CurrentLiabilities_34e028e0-0976-47c7-9668-f0b6f6f550e8" xlink:to="loc_gleif_LiabilitiesDueToBoardDirectors_9faed783-53c5-4b76-a45e-0534e13177f0" xlink:type="arc"/>
    <link:loc xlink:type="locator" xlink:label="loc_ifrs-full_TradeAndOtherCurrentPayablesToTradeSuppliers_23665eb1-48b0-4c3d-b67a-2286e061fd54" xlink:href="http://xbrl.ifrs.org/taxonomy/2019-03-27/full_ifrs/full_ifrs-cor_2019-03-27.xsd#ifrs-full_TradeAndOtherCurrentPayablesToTradeSuppliers"/>
    <link:calculationArc order="2" weight="1.0" xlink:arcrole="http://www.xbrl.org/2003/arcrole/summation-item" xlink:from="loc_ifrs-full_CurrentLiabilities_34e028e0-0976-47c7-9668-f0b6f6f550e8" xlink:to="loc_ifrs-full_TradeAndOtherCurrentPayablesToTradeSuppliers_23665eb1-48b0-4c3d-b67a-2286e061fd54" xlink:type="arc"/>
    <link:loc xlink:type="locator" xlink:label="loc_ifrs-full_OtherCurrentFinancialLiabilities_6285df1a-f9f4-4b1d-8d50-752f5bfa0b38" xlink:href="http://xbrl.ifrs.org/taxonomy/2019-03-27/full_ifrs/full_ifrs-cor_2019-03-27.xsd#ifrs-full_OtherCurrentFinancialLiabilities"/>
    <link:calculationArc order="3" weight="1.0" xlink:arcrole="http://www.xbrl.org/2003/arcrole/summation-item" xlink:from="loc_ifrs-full_CurrentLiabilities_34e028e0-0976-47c7-9668-f0b6f6f550e8" xlink:to="loc_ifrs-full_OtherCurrentFinancialLiabilities_6285df1a-f9f4-4b1d-8d50-752f5bfa0b38" xlink:type="arc"/>
    <link:loc xlink:type="locator" xlink:label="loc_ifrs-full_OtherCurrentPayables_533ee0e7-9d78-4c08-becb-0852e953ee78" xlink:href="http://xbrl.ifrs.org/taxonomy/2019-03-27/full_ifrs/full_ifrs-cor_2019-03-27.xsd#ifrs-full_OtherCurrentPayables"/>
    <link:calculationArc order="4" weight="1.0" xlink:arcrole="http://www.xbrl.org/2003/arcrole/summation-item" xlink:from="loc_ifrs-full_CurrentLiabilities_34e028e0-0976-47c7-9668-f0b6f6f550e8" xlink:to="loc_ifrs-full_OtherCurrentPayables_533ee0e7-9d78-4c08-becb-0852e953ee78" xlink:type="arc"/>
    <link:loc xlink:type="locator" xlink:label="loc_ifrs-full_CurrentGovernmentGrants_299afb64-bcc0-400c-965e-50bcfb884e38" xlink:href="http://xbrl.ifrs.org/taxonomy/2019-03-27/full_ifrs/full_ifrs-cor_2019-03-27.xsd#ifrs-full_CurrentGovernmentGrants"/>
    <link:calculationArc order="5" weight="1.0" xlink:arcrole="http://www.xbrl.org/2003/arcrole/summation-item" xlink:from="loc_ifrs-full_CurrentLiabilities_34e028e0-0976-47c7-9668-f0b6f6f550e8" xlink:to="loc_ifrs-full_CurrentGovernmentGrants_299afb64-bcc0-400c-965e-50bcfb884e38" xlink:type="arc"/>
    <link:loc xlink:type="locator" xlink:label="loc_ifrs-full_EquityAndLiabilities_6b30d2f5-7314-420a-94b1-fac88dc009c2" xlink:href="http://xbrl.ifrs.org/taxonomy/2019-03-27/full_ifrs/full_ifrs-cor_2019-03-27.xsd#ifrs-full_EquityAndLiabilities"/>
    <link:loc xlink:type="locator" xlink:label="loc_ifrs-full_NoncurrentLiabilities_728819d2-79c4-4abd-b6ec-de0134298505" xlink:href="http://xbrl.ifrs.org/taxonomy/2019-03-27/full_ifrs/full_ifrs-cor_2019-03-27.xsd#ifrs-full_NoncurrentLiabilities"/>
    <link:calculationArc order="1" weight="1.0" xlink:arcrole="http://www.xbrl.org/2003/arcrole/summation-item" xlink:from="loc_ifrs-full_EquityAndLiabilities_6b30d2f5-7314-420a-94b1-fac88dc009c2" xlink:to="loc_ifrs-full_NoncurrentLiabilities_728819d2-79c4-4abd-b6ec-de0134298505" xlink:type="arc"/>
    <link:loc xlink:type="locator" xlink:label="loc_ifrs-full_CurrentLiabilities_2b5ee896-3760-4975-83b7-8eab437d9783" xlink:href="http://xbrl.ifrs.org/taxonomy/2019-03-27/full_ifrs/full_ifrs-cor_2019-03-27.xsd#ifrs-full_CurrentLiabilities"/>
    <link:calculationArc order="2" weight="1.0" xlink:arcrole="http://www.xbrl.org/2003/arcrole/summation-item" xlink:from="loc_ifrs-full_EquityAndLiabilities_6b30d2f5-7314-420a-94b1-fac88dc009c2" xlink:to="loc_ifrs-full_CurrentLiabilities_2b5ee896-3760-4975-83b7-8eab437d9783" xlink:type="arc"/>
    <link:loc xlink:type="locator" xlink:label="loc_ifrs-full_Equity_2afe0ac8-87d3-4cad-a18b-b5705cf601eb" xlink:href="http://xbrl.ifrs.org/taxonomy/2019-03-27/full_ifrs/full_ifrs-cor_2019-03-27.xsd#ifrs-full_Equity"/>
    <link:calculationArc order="3" weight="1.0" xlink:arcrole="http://www.xbrl.org/2003/arcrole/summation-item" xlink:from="loc_ifrs-full_EquityAndLiabilities_6b30d2f5-7314-420a-94b1-fac88dc009c2" xlink:to="loc_ifrs-full_Equity_2afe0ac8-87d3-4cad-a18b-b5705cf601eb" xlink:type="arc"/>
    <link:loc xlink:type="locator" xlink:label="loc_ifrs-full_Assets_80f20abd-00e1-4610-a273-05574fbf5980" xlink:href="http://xbrl.ifrs.org/taxonomy/2019-03-27/full_ifrs/full_ifrs-cor_2019-03-27.xsd#ifrs-full_Assets"/>
    <link:loc xlink:type="locator" xlink:label="loc_ifrs-full_CurrentAssets_292ee32f-2a8a-43c6-9936-cd1b55a5b47a" xlink:href="http://xbrl.ifrs.org/taxonomy/2019-03-27/full_ifrs/full_ifrs-cor_2019-03-27.xsd#ifrs-full_CurrentAssets"/>
    <link:calculationArc order="1" weight="1.0" xlink:arcrole="http://www.xbrl.org/2003/arcrole/summation-item" xlink:from="loc_ifrs-full_Assets_80f20abd-00e1-4610-a273-05574fbf5980" xlink:to="loc_ifrs-full_CurrentAssets_292ee32f-2a8a-43c6-9936-cd1b55a5b47a" xlink:type="arc"/>
    <link:loc xlink:type="locator" xlink:label="loc_ifrs-full_NoncurrentAssets_05552326-269f-4da3-8a9c-dc48de834dca" xlink:href="http://xbrl.ifrs.org/taxonomy/2019-03-27/full_ifrs/full_ifrs-cor_2019-03-27.xsd#ifrs-full_NoncurrentAssets"/>
    <link:calculationArc order="2" weight="1.0" xlink:arcrole="http://www.xbrl.org/2003/arcrole/summation-item" xlink:from="loc_ifrs-full_Assets_80f20abd-00e1-4610-a273-05574fbf5980" xlink:to="loc_ifrs-full_NoncurrentAssets_05552326-269f-4da3-8a9c-dc48de834dca" xlink:type="arc"/>
    <link:loc xlink:type="locator" xlink:label="loc_ifrs-full_Equity_ebc217dd-add0-42b5-90d3-0b35430837c4" xlink:href="http://xbrl.ifrs.org/taxonomy/2019-03-27/full_ifrs/full_ifrs-cor_2019-03-27.xsd#ifrs-full_Equity"/>
    <link:loc xlink:type="locator" xlink:label="loc_ifrs-full_IssuedCapital_dc83c100-349e-4b35-9d2d-66dba3b377cb" xlink:href="http://xbrl.ifrs.org/taxonomy/2019-03-27/full_ifrs/full_ifrs-cor_2019-03-27.xsd#ifrs-full_IssuedCapital"/>
    <link:calculationArc order="1" weight="1.0" xlink:arcrole="http://www.xbrl.org/2003/arcrole/summation-item" xlink:from="loc_ifrs-full_Equity_ebc217dd-add0-42b5-90d3-0b35430837c4" xlink:to="loc_ifrs-full_IssuedCapital_dc83c100-349e-4b35-9d2d-66dba3b377cb" xlink:type="arc"/>
    <link:loc xlink:type="locator" xlink:label="loc_ifrs-full_OtherReserves_a1159021-8806-48f8-922c-3b1c66a53e7d" xlink:href="http://xbrl.ifrs.org/taxonomy/2019-03-27/full_ifrs/full_ifrs-cor_2019-03-27.xsd#ifrs-full_OtherReserves"/>
    <link:calculationArc order="2" weight="1.0" xlink:arcrole="http://www.xbrl.org/2003/arcrole/summation-item" xlink:from="loc_ifrs-full_Equity_ebc217dd-add0-42b5-90d3-0b35430837c4" xlink:to="loc_ifrs-full_OtherReserves_a1159021-8806-48f8-922c-3b1c66a53e7d" xlink:type="arc"/>
    <link:loc xlink:type="locator" xlink:label="loc_ifrs-full_RetainedEarnings_9c583b42-94ca-413a-aa07-802882e14202" xlink:href="http://xbrl.ifrs.org/taxonomy/2019-03-27/full_ifrs/full_ifrs-cor_2019-03-27.xsd#ifrs-full_RetainedEarnings"/>
    <link:calculationArc order="3" weight="1.0" xlink:arcrole="http://www.xbrl.org/2003/arcrole/summation-item" xlink:from="loc_ifrs-full_Equity_ebc217dd-add0-42b5-90d3-0b35430837c4" xlink:to="loc_ifrs-full_RetainedEarnings_9c583b42-94ca-413a-aa07-802882e14202" xlink:type="arc"/>
    <link:loc xlink:type="locator" xlink:label="loc_ifrs-full_NoncurrentLiabilities_4c991da8-51bf-4e5e-a5bd-8d99ad7159a0" xlink:href="http://xbrl.ifrs.org/taxonomy/2019-03-27/full_ifrs/full_ifrs-cor_2019-03-27.xsd#ifrs-full_NoncurrentLiabilities"/>
    <link:loc xlink:type="locator" xlink:label="loc_ifrs-full_OtherNoncurrentFinancialLiabilities_7efa6e28-6c66-494e-9f92-934dcdb97ee4" xlink:href="http://xbrl.ifrs.org/taxonomy/2019-03-27/full_ifrs/full_ifrs-cor_2019-03-27.xsd#ifrs-full_OtherNoncurrentFinancialLiabilities"/>
    <link:calculationArc order="1" weight="1.0" xlink:arcrole="http://www.xbrl.org/2003/arcrole/summation-item" xlink:from="loc_ifrs-full_NoncurrentLiabilities_4c991da8-51bf-4e5e-a5bd-8d99ad7159a0" xlink:to="loc_ifrs-full_OtherNoncurrentFinancialLiabilities_7efa6e28-6c66-494e-9f92-934dcdb97ee4" xlink:type="arc"/>
    <link:loc xlink:type="locator" xlink:label="loc_ifrs-full_NoncurrentRecognisedLiabilitiesDefinedBenefitPlan_d10a1af4-39d6-4177-8988-c01433bcdec0" xlink:href="http://xbrl.ifrs.org/taxonomy/2019-03-27/full_ifrs/full_ifrs-cor_2019-03-27.xsd#ifrs-full_NoncurrentRecognisedLiabilitiesDefinedBenefitPlan"/>
    <link:calculationArc order="2" weight="1.0" xlink:arcrole="http://www.xbrl.org/2003/arcrole/summation-item" xlink:from="loc_ifrs-full_NoncurrentLiabilities_4c991da8-51bf-4e5e-a5bd-8d99ad7159a0" xlink:to="loc_ifrs-full_NoncurrentRecognisedLiabilitiesDefinedBenefitPlan_d10a1af4-39d6-4177-8988-c01433bcdec0" xlink:type="arc"/>
    <link:loc xlink:type="locator" xlink:label="loc_ifrs-full_NoncurrentGovernmentGrants_42939ac9-666f-44d2-9f4e-c08d203d8b23" xlink:href="http://xbrl.ifrs.org/taxonomy/2019-03-27/full_ifrs/full_ifrs-cor_2019-03-27.xsd#ifrs-full_NoncurrentGovernmentGrants"/>
    <link:calculationArc order="3" weight="1.0" xlink:arcrole="http://www.xbrl.org/2003/arcrole/summation-item" xlink:from="loc_ifrs-full_NoncurrentLiabilities_4c991da8-51bf-4e5e-a5bd-8d99ad7159a0" xlink:to="loc_ifrs-full_NoncurrentGovernmentGrants_42939ac9-666f-44d2-9f4e-c08d203d8b23" xlink:type="arc"/>
    <link:loc xlink:type="locator" xlink:label="loc_ifrs-full_NoncurrentAssets_36c11640-a169-43da-aadb-0af8a6510963" xlink:href="http://xbrl.ifrs.org/taxonomy/2019-03-27/full_ifrs/full_ifrs-cor_2019-03-27.xsd#ifrs-full_NoncurrentAssets"/>
    <link:loc xlink:type="locator" xlink:label="loc_ifrs-full_PropertyPlantAndEquipment_0e2c7ae2-f9fa-405f-9069-6bfda0fe4d3e" xlink:href="http://xbrl.ifrs.org/taxonomy/2019-03-27/full_ifrs/full_ifrs-cor_2019-03-27.xsd#ifrs-full_PropertyPlantAndEquipment"/>
    <link:calculationArc order="1" weight="1.0" xlink:arcrole="http://www.xbrl.org/2003/arcrole/summation-item" xlink:from="loc_ifrs-full_NoncurrentAssets_36c11640-a169-43da-aadb-0af8a6510963" xlink:to="loc_ifrs-full_PropertyPlantAndEquipment_0e2c7ae2-f9fa-405f-9069-6bfda0fe4d3e" xlink:type="arc"/>
    <link:loc xlink:type="locator" xlink:label="loc_ifrs-full_NoncurrentFinancialAssets_b226d31b-d38d-42fe-90fa-3cbdc8bc9f1d" xlink:href="http://xbrl.ifrs.org/taxonomy/2019-03-27/full_ifrs/full_ifrs-cor_2019-03-27.xsd#ifrs-full_NoncurrentFinancialAssets"/>
    <link:calculationArc order="2" weight="1.0" xlink:arcrole="http://www.xbrl.org/2003/arcrole/summation-item" xlink:from="loc_ifrs-full_NoncurrentAssets_36c11640-a169-43da-aadb-0af8a6510963" xlink:to="loc_ifrs-full_NoncurrentFinancialAssets_b226d31b-d38d-42fe-90fa-3cbdc8bc9f1d" xlink:type="arc"/>
    <link:loc xlink:type="locator" xlink:label="loc_ifrs-full_IntangibleAssetsOtherThanGoodwill_8c157ee8-f867-4620-a9fa-0bf64bc69614" xlink:href="http://xbrl.ifrs.org/taxonomy/2019-03-27/full_ifrs/full_ifrs-cor_2019-03-27.xsd#ifrs-full_IntangibleAssetsOtherThanGoodwill"/>
    <link:calculationArc order="3" weight="1.0" xlink:arcrole="http://www.xbrl.org/2003/arcrole/summation-item" xlink:from="loc_ifrs-full_NoncurrentAssets_36c11640-a169-43da-aadb-0af8a6510963" xlink:to="loc_ifrs-full_IntangibleAssetsOtherThanGoodwill_8c157ee8-f867-4620-a9fa-0bf64bc69614" xlink:type="arc"/>
    <link:loc xlink:type="locator" xlink:label="loc_ifrs-full_RightofuseAssets_0976d067-15c8-4923-b20e-d39664506858" xlink:href="http://xbrl.ifrs.org/taxonomy/2019-03-27/full_ifrs/full_ifrs-cor_2019-03-27.xsd#ifrs-full_RightofuseAssets"/>
    <link:calculationArc order="4" weight="1.0" xlink:arcrole="http://www.xbrl.org/2003/arcrole/summation-item" xlink:from="loc_ifrs-full_NoncurrentAssets_36c11640-a169-43da-aadb-0af8a6510963" xlink:to="loc_ifrs-full_RightofuseAssets_0976d067-15c8-4923-b20e-d39664506858" xlink:type="arc"/>
    <link:loc xlink:type="locator" xlink:label="loc_ifrs-full_CurrentAssets_501754db-2168-4062-8d4c-4bbf013c85af" xlink:href="http://xbrl.ifrs.org/taxonomy/2019-03-27/full_ifrs/full_ifrs-cor_2019-03-27.xsd#ifrs-full_CurrentAssets"/>
    <link:loc xlink:type="locator" xlink:label="loc_ifrs-full_OtherCurrentFinancialAssets_10498ffd-ea90-439c-9f7f-d83c8f47faf4" xlink:href="http://xbrl.ifrs.org/taxonomy/2019-03-27/full_ifrs/full_ifrs-cor_2019-03-27.xsd#ifrs-full_OtherCurrentFinancialAssets"/>
    <link:calculationArc order="1" weight="1.0" xlink:arcrole="http://www.xbrl.org/2003/arcrole/summation-item" xlink:from="loc_ifrs-full_CurrentAssets_501754db-2168-4062-8d4c-4bbf013c85af" xlink:to="loc_ifrs-full_OtherCurrentFinancialAssets_10498ffd-ea90-439c-9f7f-d83c8f47faf4" xlink:type="arc"/>
    <link:loc xlink:type="locator" xlink:label="loc_ifrs-full_OtherCurrentAssets_ca2d0653-9cac-48d1-adff-6dc201d9195e" xlink:href="http://xbrl.ifrs.org/taxonomy/2019-03-27/full_ifrs/full_ifrs-cor_2019-03-27.xsd#ifrs-full_OtherCurrentAssets"/>
    <link:calculationArc order="2" weight="1.0" xlink:arcrole="http://www.xbrl.org/2003/arcrole/summation-item" xlink:from="loc_ifrs-full_CurrentAssets_501754db-2168-4062-8d4c-4bbf013c85af" xlink:to="loc_ifrs-full_OtherCurrentAssets_ca2d0653-9cac-48d1-adff-6dc201d9195e" xlink:type="arc"/>
    <link:loc xlink:type="locator" xlink:label="loc_ifrs-full_CashAndCashEquivalents_b79ce5d2-e81f-4a31-94e4-61e85915c727" xlink:href="http://xbrl.ifrs.org/taxonomy/2019-03-27/full_ifrs/full_ifrs-cor_2019-03-27.xsd#ifrs-full_CashAndCashEquivalents"/>
    <link:calculationArc order="3" weight="1.0" xlink:arcrole="http://www.xbrl.org/2003/arcrole/summation-item" xlink:from="loc_ifrs-full_CurrentAssets_501754db-2168-4062-8d4c-4bbf013c85af" xlink:to="loc_ifrs-full_CashAndCashEquivalents_b79ce5d2-e81f-4a31-94e4-61e85915c727" xlink:type="arc"/>
    <link:loc xlink:type="locator" xlink:label="loc_ifrs-full_CurrentTradeReceivables_d2d0734e-9d76-4fe6-a977-59dda9b3a04c" xlink:href="http://xbrl.ifrs.org/taxonomy/2019-03-27/full_ifrs/full_ifrs-cor_2019-03-27.xsd#ifrs-full_CurrentTradeReceivables"/>
    <link:calculationArc order="4" weight="1.0" xlink:arcrole="http://www.xbrl.org/2003/arcrole/summation-item" xlink:from="loc_ifrs-full_CurrentAssets_501754db-2168-4062-8d4c-4bbf013c85af" xlink:to="loc_ifrs-full_CurrentTradeReceivables_d2d0734e-9d76-4fe6-a977-59dda9b3a04c" xlink:type="arc"/>
  </link:calculationLink>
  <link:roleRef roleURI="http://www.gleif.org/role/StatementofcashflowsdirectmethodStatement" xlink:type="simple" xlink:href="gleif-2020-12-31.xsd#StatementofcashflowsdirectmethodStatement"/>
  <link:calculationLink xlink:role="http://www.gleif.org/role/StatementofcashflowsdirectmethodStatement" xlink:type="extended">
    <link:loc xlink:type="locator" xlink:label="loc_ifrs-full_CashFlowsFromUsedInOperatingActivities_870b0589-1a24-4814-9155-40b64f7e4efa" xlink:href="http://xbrl.ifrs.org/taxonomy/2019-03-27/full_ifrs/full_ifrs-cor_2019-03-27.xsd#ifrs-full_CashFlowsFromUsedInOperatingActivities"/>
    <link:loc xlink:type="locator" xlink:label="loc_ifrs-full_ProfitLoss_d613ae8a-9caf-408b-a183-05b77e4f2037" xlink:href="http://xbrl.ifrs.org/taxonomy/2019-03-27/full_ifrs/full_ifrs-cor_2019-03-27.xsd#ifrs-full_ProfitLoss"/>
    <link:calculationArc order="1" weight="1.0" xlink:arcrole="http://www.xbrl.org/2003/arcrole/summation-item" xlink:from="loc_ifrs-full_CashFlowsFromUsedInOperatingActivities_870b0589-1a24-4814-9155-40b64f7e4efa" xlink:to="loc_ifrs-full_ProfitLoss_d613ae8a-9caf-408b-a183-05b77e4f2037" xlink:type="arc"/>
    <link:loc xlink:type="locator" xlink:label="loc_ifrs-full_AdjustmentsForDepreciationAndAmortisationExpense_e1914950-de38-4fa1-9bf7-daad19fbaeee" xlink:href="http://xbrl.ifrs.org/taxonomy/2019-03-27/full_ifrs/full_ifrs-cor_2019-03-27.xsd#ifrs-full_AdjustmentsForDepreciationAndAmortisationExpense"/>
    <link:calculationArc order="2" weight="1.0" xlink:arcrole="http://www.xbrl.org/2003/arcrole/summation-item" xlink:from="loc_ifrs-full_CashFlowsFromUsedInOperatingActivities_870b0589-1a24-4814-9155-40b64f7e4efa" xlink:to="loc_ifrs-full_AdjustmentsForDepreciationAndAmortisationExpense_e1914950-de38-4fa1-9bf7-daad19fbaeee" xlink:type="arc"/>
    <link:loc xlink:type="locator" xlink:label="loc_ifrs-full_AdjustmentsForProvisions_0595121f-c505-4eb6-bee0-f4a211d2bae2" xlink:href="http://xbrl.ifrs.org/taxonomy/2019-03-27/full_ifrs/full_ifrs-cor_2019-03-27.xsd#ifrs-full_AdjustmentsForProvisions"/>
    <link:calculationArc order="3" weight="1.0" xlink:arcrole="http://www.xbrl.org/2003/arcrole/summation-item" xlink:from="loc_ifrs-full_CashFlowsFromUsedInOperatingActivities_870b0589-1a24-4814-9155-40b64f7e4efa" xlink:to="loc_ifrs-full_AdjustmentsForProvisions_0595121f-c505-4eb6-bee0-f4a211d2bae2" xlink:type="arc"/>
    <link:loc xlink:type="locator" xlink:label="loc_ifrs-full_AdjustmentsForLossesGainsOnDisposalOfNoncurrentAssets_b53e0d1c-ccc0-458e-969f-2349277f46f7" xlink:href="http://xbrl.ifrs.org/taxonomy/2019-03-27/full_ifrs/full_ifrs-cor_2019-03-27.xsd#ifrs-full_AdjustmentsForLossesGainsOnDisposalOfNoncurrentAssets"/>
    <link:calculationArc order="4" weight="1.0" xlink:arcrole="http://www.xbrl.org/2003/arcrole/summation-item" xlink:from="loc_ifrs-full_CashFlowsFromUsedInOperatingActivities_870b0589-1a24-4814-9155-40b64f7e4efa" xlink:to="loc_ifrs-full_AdjustmentsForLossesGainsOnDisposalOfNoncurrentAssets_b53e0d1c-ccc0-458e-969f-2349277f46f7" xlink:type="arc"/>
    <link:loc xlink:type="locator" xlink:label="loc_ifrs-full_AdjustmentsForFinanceIncomeCost_44ccee4f-b3d8-40dd-aa8f-10ee180d51d6" xlink:href="http://xbrl.ifrs.org/taxonomy/2019-03-27/full_ifrs/full_ifrs-cor_2019-03-27.xsd#ifrs-full_AdjustmentsForFinanceIncomeCost"/>
    <link:calculationArc order="5" weight="-1.0" xlink:arcrole="http://www.xbrl.org/2003/arcrole/summation-item" xlink:from="loc_ifrs-full_CashFlowsFromUsedInOperatingActivities_870b0589-1a24-4814-9155-40b64f7e4efa" xlink:to="loc_ifrs-full_AdjustmentsForFinanceIncomeCost_44ccee4f-b3d8-40dd-aa8f-10ee180d51d6" xlink:type="arc"/>
    <link:loc xlink:type="locator" xlink:label="loc_ifrs-full_OtherAdjustmentsForNoncashItems_156b63ae-eb7e-40d3-83ff-00c832519a7c" xlink:href="http://xbrl.ifrs.org/taxonomy/2019-03-27/full_ifrs/full_ifrs-cor_2019-03-27.xsd#ifrs-full_OtherAdjustmentsForNoncashItems"/>
    <link:calculationArc order="6" weight="1.0" xlink:arcrole="http://www.xbrl.org/2003/arcrole/summation-item" xlink:from="loc_ifrs-full_CashFlowsFromUsedInOperatingActivities_870b0589-1a24-4814-9155-40b64f7e4efa" xlink:to="loc_ifrs-full_OtherAdjustmentsForNoncashItems_156b63ae-eb7e-40d3-83ff-00c832519a7c" xlink:type="arc"/>
    <link:loc xlink:type="locator" xlink:label="loc_ifrs-full_AdjustmentsForDecreaseIncreaseInTradeAndOtherReceivables_1083b5a3-b8e7-488d-b112-2de9e9273056" xlink:href="http://xbrl.ifrs.org/taxonomy/2019-03-27/full_ifrs/full_ifrs-cor_2019-03-27.xsd#ifrs-full_AdjustmentsForDecreaseIncreaseInTradeAndOtherReceivables"/>
    <link:calculationArc order="7" weight="1.0" xlink:arcrole="http://www.xbrl.org/2003/arcrole/summation-item" xlink:from="loc_ifrs-full_CashFlowsFromUsedInOperatingActivities_870b0589-1a24-4814-9155-40b64f7e4efa" xlink:to="loc_ifrs-full_AdjustmentsForDecreaseIncreaseInTradeAndOtherReceivables_1083b5a3-b8e7-488d-b112-2de9e9273056" xlink:type="arc"/>
    <link:loc xlink:type="locator" xlink:label="loc_ifrs-full_AdjustmentsForIncreaseDecreaseInTradeAndOtherPayables_1c1af905-60a9-40a5-b87d-a7e2f8e458ec" xlink:href="http://xbrl.ifrs.org/taxonomy/2019-03-27/full_ifrs/full_ifrs-cor_2019-03-27.xsd#ifrs-full_AdjustmentsForIncreaseDecreaseInTradeAndOtherPayables"/>
    <link:calculationArc order="8" weight="1.0" xlink:arcrole="http://www.xbrl.org/2003/arcrole/summation-item" xlink:from="loc_ifrs-full_CashFlowsFromUsedInOperatingActivities_870b0589-1a24-4814-9155-40b64f7e4efa" xlink:to="loc_ifrs-full_AdjustmentsForIncreaseDecreaseInTradeAndOtherPayables_1c1af905-60a9-40a5-b87d-a7e2f8e458ec" xlink:type="arc"/>
    <link:loc xlink:type="locator" xlink:label="loc_ifrs-full_InterestReceivedClassifiedAsOperatingActivities_8654406c-9a87-4e20-9f2c-0489de216f99" xlink:href="http://xbrl.ifrs.org/taxonomy/2019-03-27/full_ifrs/full_ifrs-cor_2019-03-27.xsd#ifrs-full_InterestReceivedClassifiedAsOperatingActivities"/>
    <link:calculationArc order="9" weight="1.0" xlink:arcrole="http://www.xbrl.org/2003/arcrole/summation-item" xlink:from="loc_ifrs-full_CashFlowsFromUsedInOperatingActivities_870b0589-1a24-4814-9155-40b64f7e4efa" xlink:to="loc_ifrs-full_InterestReceivedClassifiedAsOperatingActivities_8654406c-9a87-4e20-9f2c-0489de216f99" xlink:type="arc"/>
    <link:loc xlink:type="locator" xlink:label="loc_ifrs-full_CashFlowsFromUsedInFinancingActivities_c5700bac-bb68-4eda-9ea4-3acfa25ca215" xlink:href="http://xbrl.ifrs.org/taxonomy/2019-03-27/full_ifrs/full_ifrs-cor_2019-03-27.xsd#ifrs-full_CashFlowsFromUsedInFinancingActivities"/>
    <link:loc xlink:type="locator" xlink:label="loc_ifrs-full_PaymentsOfLeaseLiabilitiesClassifiedAsFinancingActivities_8a2f0305-b25a-416a-afa4-9143e6d20ba4" xlink:href="http://xbrl.ifrs.org/taxonomy/2019-03-27/full_ifrs/full_ifrs-cor_2019-03-27.xsd#ifrs-full_PaymentsOfLeaseLiabilitiesClassifiedAsFinancingActivities"/>
    <link:calculationArc order="1" weight="-1.0" xlink:arcrole="http://www.xbrl.org/2003/arcrole/summation-item" xlink:from="loc_ifrs-full_CashFlowsFromUsedInFinancingActivities_c5700bac-bb68-4eda-9ea4-3acfa25ca215" xlink:to="loc_ifrs-full_PaymentsOfLeaseLiabilitiesClassifiedAsFinancingActivities_8a2f0305-b25a-416a-afa4-9143e6d20ba4" xlink:type="arc"/>
    <link:loc xlink:type="locator" xlink:label="loc_gleif_ProceedsFromOtherFinancingLiabilities_576322d8-6db4-4e03-9dfe-80673a6d9b77" xlink:href="gleif-2020-12-31.xsd#gleif_ProceedsFromOtherFinancingLiabilities"/>
    <link:calculationArc order="2" weight="1.0" xlink:arcrole="http://www.xbrl.org/2003/arcrole/summation-item" xlink:from="loc_ifrs-full_CashFlowsFromUsedInFinancingActivities_c5700bac-bb68-4eda-9ea4-3acfa25ca215" xlink:to="loc_gleif_ProceedsFromOtherFinancingLiabilities_576322d8-6db4-4e03-9dfe-80673a6d9b77" xlink:type="arc"/>
    <link:loc xlink:type="locator" xlink:label="loc_ifrs-full_InterestPaidClassifiedAsFinancingActivities_f8325a67-3caa-434f-bdef-d517ab69a684" xlink:href="http://xbrl.ifrs.org/taxonomy/2019-03-27/full_ifrs/full_ifrs-cor_2019-03-27.xsd#ifrs-full_InterestPaidClassifiedAsFinancingActivities"/>
    <link:calculationArc order="3" weight="-1.0" xlink:arcrole="http://www.xbrl.org/2003/arcrole/summation-item" xlink:from="loc_ifrs-full_CashFlowsFromUsedInFinancingActivities_c5700bac-bb68-4eda-9ea4-3acfa25ca215" xlink:to="loc_ifrs-full_InterestPaidClassifiedAsFinancingActivities_f8325a67-3caa-434f-bdef-d517ab69a684" xlink:type="arc"/>
    <link:loc xlink:type="locator" xlink:label="loc_gleif_PaymentsForOtherFinancingLiabilities_6fe7b4d7-e04b-439a-a23a-0e919ea482fe" xlink:href="gleif-2020-12-31.xsd#gleif_PaymentsForOtherFinancingLiabilities"/>
    <link:calculationArc order="4" weight="-1.0" xlink:arcrole="http://www.xbrl.org/2003/arcrole/summation-item" xlink:from="loc_ifrs-full_CashFlowsFromUsedInFinancingActivities_c5700bac-bb68-4eda-9ea4-3acfa25ca215" xlink:to="loc_gleif_PaymentsForOtherFinancingLiabilities_6fe7b4d7-e04b-439a-a23a-0e919ea482fe" xlink:type="arc"/>
    <link:loc xlink:type="locator" xlink:label="loc_ifrs-full_IncreaseDecreaseInCashAndCashEquivalentsBeforeEffectOfExchangeRateChanges_67d9e840-6442-4d83-a01d-2725f18906e0" xlink:href="http://xbrl.ifrs.org/taxonomy/2019-03-27/full_ifrs/full_ifrs-cor_2019-03-27.xsd#ifrs-full_IncreaseDecreaseInCashAndCashEquivalentsBeforeEffectOfExchangeRateChanges"/>
    <link:loc xlink:type="locator" xlink:label="loc_ifrs-full_CashFlowsFromUsedInOperatingActivities_fabd17e4-ecf8-4833-8fc1-b4aa6b92c4c4" xlink:href="http://xbrl.ifrs.org/taxonomy/2019-03-27/full_ifrs/full_ifrs-cor_2019-03-27.xsd#ifrs-full_CashFlowsFromUsedInOperatingActivities"/>
    <link:calculationArc order="1" weight="1.0" xlink:arcrole="http://www.xbrl.org/2003/arcrole/summation-item" xlink:from="loc_ifrs-full_IncreaseDecreaseInCashAndCashEquivalentsBeforeEffectOfExchangeRateChanges_67d9e840-6442-4d83-a01d-2725f18906e0" xlink:to="loc_ifrs-full_CashFlowsFromUsedInOperatingActivities_fabd17e4-ecf8-4833-8fc1-b4aa6b92c4c4" xlink:type="arc"/>
    <link:loc xlink:type="locator" xlink:label="loc_ifrs-full_CashFlowsFromUsedInInvestingActivities_4c0d4a8b-8fe2-4f7a-aa7b-18c69aff6036" xlink:href="http://xbrl.ifrs.org/taxonomy/2019-03-27/full_ifrs/full_ifrs-cor_2019-03-27.xsd#ifrs-full_CashFlowsFromUsedInInvestingActivities"/>
    <link:calculationArc order="2" weight="1.0" xlink:arcrole="http://www.xbrl.org/2003/arcrole/summation-item" xlink:from="loc_ifrs-full_IncreaseDecreaseInCashAndCashEquivalentsBeforeEffectOfExchangeRateChanges_67d9e840-6442-4d83-a01d-2725f18906e0" xlink:to="loc_ifrs-full_CashFlowsFromUsedInInvestingActivities_4c0d4a8b-8fe2-4f7a-aa7b-18c69aff6036" xlink:type="arc"/>
    <link:loc xlink:type="locator" xlink:label="loc_ifrs-full_CashFlowsFromUsedInFinancingActivities_f4292775-4f0f-4344-8686-687adfd341f4" xlink:href="http://xbrl.ifrs.org/taxonomy/2019-03-27/full_ifrs/full_ifrs-cor_2019-03-27.xsd#ifrs-full_CashFlowsFromUsedInFinancingActivities"/>
    <link:calculationArc order="3" weight="1.0" xlink:arcrole="http://www.xbrl.org/2003/arcrole/summation-item" xlink:from="loc_ifrs-full_IncreaseDecreaseInCashAndCashEquivalentsBeforeEffectOfExchangeRateChanges_67d9e840-6442-4d83-a01d-2725f18906e0" xlink:to="loc_ifrs-full_CashFlowsFromUsedInFinancingActivities_f4292775-4f0f-4344-8686-687adfd341f4" xlink:type="arc"/>
    <link:loc xlink:type="locator" xlink:label="loc_ifrs-full_CashFlowsFromUsedInInvestingActivities_811968ed-0649-49da-b78d-a8c25da1f1d9" xlink:href="http://xbrl.ifrs.org/taxonomy/2019-03-27/full_ifrs/full_ifrs-cor_2019-03-27.xsd#ifrs-full_CashFlowsFromUsedInInvestingActivities"/>
    <link:loc xlink:type="locator" xlink:label="loc_ifrs-full_ProceedsFromDisposalsOfPropertyPlantAndEquipmentIntangibleAssetsOtherThanGoodwillInvestmentPropertyAndOtherNoncurrentAssets_670814db-670c-4faf-b5a0-9299caf2dbed" xlink:href="http://xbrl.ifrs.org/taxonomy/2019-03-27/full_ifrs/full_ifrs-cor_2019-03-27.xsd#ifrs-full_ProceedsFromDisposalsOfPropertyPlantAndEquipmentIntangibleAssetsOtherThanGoodwillInvestmentPropertyAndOtherNoncurrentAssets"/>
    <link:calculationArc order="1" weight="1.0" xlink:arcrole="http://www.xbrl.org/2003/arcrole/summation-item" xlink:from="loc_ifrs-full_CashFlowsFromUsedInInvestingActivities_811968ed-0649-49da-b78d-a8c25da1f1d9" xlink:to="loc_ifrs-full_ProceedsFromDisposalsOfPropertyPlantAndEquipmentIntangibleAssetsOtherThanGoodwillInvestmentPropertyAndOtherNoncurrentAssets_670814db-670c-4faf-b5a0-9299caf2dbed" xlink:type="arc"/>
    <link:loc xlink:type="locator" xlink:label="loc_ifrs-full_PurchaseOfPropertyPlantAndEquipmentIntangibleAssetsOtherThanGoodwillInvestmentPropertyAndOtherNoncurrentAssets_ae35c6cf-6c8e-4aad-8312-17d3ab960806" xlink:href="http://xbrl.ifrs.org/taxonomy/2019-03-27/full_ifrs/full_ifrs-cor_2019-03-27.xsd#ifrs-full_PurchaseOfPropertyPlantAndEquipmentIntangibleAssetsOtherThanGoodwillInvestmentPropertyAndOtherNoncurrentAssets"/>
    <link:calculationArc order="2" weight="-1.0" xlink:arcrole="http://www.xbrl.org/2003/arcrole/summation-item" xlink:from="loc_ifrs-full_CashFlowsFromUsedInInvestingActivities_811968ed-0649-49da-b78d-a8c25da1f1d9" xlink:to="loc_ifrs-full_PurchaseOfPropertyPlantAndEquipmentIntangibleAssetsOtherThanGoodwillInvestmentPropertyAndOtherNoncurrentAssets_ae35c6cf-6c8e-4aad-8312-17d3ab960806" xlink:type="arc"/>
    <link:loc xlink:type="locator" xlink:label="loc_ifrs-full_PurchaseOfFinancialInstrumentsClassifiedAsInvestingActivities_3f424706-8293-4432-9b54-787b5f69ca28" xlink:href="http://xbrl.ifrs.org/taxonomy/2019-03-27/full_ifrs/full_ifrs-cor_2019-03-27.xsd#ifrs-full_PurchaseOfFinancialInstrumentsClassifiedAsInvestingActivities"/>
    <link:calculationArc order="3" weight="-1.0" xlink:arcrole="http://www.xbrl.org/2003/arcrole/summation-item" xlink:from="loc_ifrs-full_CashFlowsFromUsedInInvestingActivities_811968ed-0649-49da-b78d-a8c25da1f1d9" xlink:to="loc_ifrs-full_PurchaseOfFinancialInstrumentsClassifiedAsInvestingActivities_3f424706-8293-4432-9b54-787b5f69ca28" xlink:type="arc"/>
    <link:loc xlink:type="locator" xlink:label="loc_ifrs-full_ProceedsFromSalesOrMaturityOfFinancialInstrumentsClassifiedAsInvestingActivities_b00cb769-4b6a-4176-a769-789f4402dbbb" xlink:href="http://xbrl.ifrs.org/taxonomy/2019-03-27/full_ifrs/full_ifrs-cor_2019-03-27.xsd#ifrs-full_ProceedsFromSalesOrMaturityOfFinancialInstrumentsClassifiedAsInvestingActivities"/>
    <link:calculationArc order="4" weight="1.0" xlink:arcrole="http://www.xbrl.org/2003/arcrole/summation-item" xlink:from="loc_ifrs-full_CashFlowsFromUsedInInvestingActivities_811968ed-0649-49da-b78d-a8c25da1f1d9" xlink:to="loc_ifrs-full_ProceedsFromSalesOrMaturityOfFinancialInstrumentsClassifiedAsInvestingActivities_b00cb769-4b6a-4176-a769-789f4402dbbb" xlink:type="arc"/>
  </link:calculationLink>
</link:linkbase>
