<?xml version="1.0" encoding="UTF-8"?>

<!--XBRL Document Created with Wdesk from Workiva-->
<!--Copyright 2021 Workiva-->
<!--r:5bfd1183-4800-4a6d-bb84-3eb21b4b6a70,g:91fb88fe-0667-447d-bd8c-637080e74f43-->
<link:linkbase xmlns:link="http://www.xbrl.org/2003/linkbase" xmlns:xlink="http://www.w3.org/1999/xlink" xmlns:xsi="http://www.w3.org/2001/XMLSchema-instance" xsi:schemaLocation="http://www.xbrl.org/2003/linkbase http://www.xbrl.org/2003/xbrl-linkbase-2003-12-31.xsd">
  <link:roleRef roleURI="http://www.gleif.org/role/StatementofcomprehensiveincomeprofitorlossbyfunctionofexpenseStatement" xlink:type="simple" xlink:href="gleif-2020-12-31.xsd#StatementofcomprehensiveincomeprofitorlossbyfunctionofexpenseStatement"/>
  <link:presentationLink xlink:role="http://www.gleif.org/role/StatementofcomprehensiveincomeprofitorlossbyfunctionofexpenseStatement" xlink:type="extended">
    <link:loc xlink:type="locator" xlink:label="loc_ifrs-full_IncomeStatementAbstract_26214a25-aa11-447d-b086-58e2aba547c0" xlink:href="http://xbrl.ifrs.org/taxonomy/2019-03-27/full_ifrs/full_ifrs-cor_2019-03-27.xsd#ifrs-full_IncomeStatementAbstract"/>
    <link:loc xlink:type="locator" xlink:label="loc_ifrs-full_LicenceFeeIncome_934788d2-485c-4419-ab7c-ff5f96fc540e" xlink:href="http://xbrl.ifrs.org/taxonomy/2019-03-27/full_ifrs/full_ifrs-cor_2019-03-27.xsd#ifrs-full_LicenceFeeIncome"/>
    <link:presentationArc order="1" xlink:arcrole="http://www.xbrl.org/2003/arcrole/parent-child" xlink:from="loc_ifrs-full_IncomeStatementAbstract_26214a25-aa11-447d-b086-58e2aba547c0" xlink:to="loc_ifrs-full_LicenceFeeIncome_934788d2-485c-4419-ab7c-ff5f96fc540e" xlink:type="arc" preferredLabel="http://www.xbrl.org/2003/role/terseLabel"/>
    <link:loc xlink:type="locator" xlink:label="loc_ifrs-full_WagesAndSalaries_f78fef48-4955-4371-a2a3-92b6d0d18ff8" xlink:href="http://xbrl.ifrs.org/taxonomy/2019-03-27/full_ifrs/full_ifrs-cor_2019-03-27.xsd#ifrs-full_WagesAndSalaries"/>
    <link:presentationArc order="2" xlink:arcrole="http://www.xbrl.org/2003/arcrole/parent-child" xlink:from="loc_ifrs-full_IncomeStatementAbstract_26214a25-aa11-447d-b086-58e2aba547c0" xlink:to="loc_ifrs-full_WagesAndSalaries_f78fef48-4955-4371-a2a3-92b6d0d18ff8" xlink:type="arc" preferredLabel="http://www.xbrl.org/2003/role/terseLabel"/>
    <link:loc xlink:type="locator" xlink:label="loc_gleif_SocialContributionsAndExpensesForPensionsAndCare_f1d3cb67-66a3-451c-b4d7-d68a1dd3880a" xlink:href="gleif-2020-12-31.xsd#gleif_SocialContributionsAndExpensesForPensionsAndCare"/>
    <link:presentationArc order="3" xlink:arcrole="http://www.xbrl.org/2003/arcrole/parent-child" xlink:from="loc_ifrs-full_IncomeStatementAbstract_26214a25-aa11-447d-b086-58e2aba547c0" xlink:to="loc_gleif_SocialContributionsAndExpensesForPensionsAndCare_f1d3cb67-66a3-451c-b4d7-d68a1dd3880a" xlink:type="arc" preferredLabel="http://www.xbrl.org/2009/role/negatedTerseLabel"/>
    <link:loc xlink:type="locator" xlink:label="loc_ifrs-full_EmployeeBenefitsExpense_d78be43c-1784-4a34-89f9-6f0244fcfbdc" xlink:href="http://xbrl.ifrs.org/taxonomy/2019-03-27/full_ifrs/full_ifrs-cor_2019-03-27.xsd#ifrs-full_EmployeeBenefitsExpense"/>
    <link:presentationArc order="4" xlink:arcrole="http://www.xbrl.org/2003/arcrole/parent-child" xlink:from="loc_ifrs-full_IncomeStatementAbstract_26214a25-aa11-447d-b086-58e2aba547c0" xlink:to="loc_ifrs-full_EmployeeBenefitsExpense_d78be43c-1784-4a34-89f9-6f0244fcfbdc" xlink:type="arc" preferredLabel="http://www.xbrl.org/2003/role/totalLabel"/>
    <link:loc xlink:type="locator" xlink:label="loc_ifrs-full_OtherExpenseByNature_082d3b70-a412-4aee-8a3d-bc846393bf6b" xlink:href="http://xbrl.ifrs.org/taxonomy/2019-03-27/full_ifrs/full_ifrs-cor_2019-03-27.xsd#ifrs-full_OtherExpenseByNature"/>
    <link:presentationArc order="5" xlink:arcrole="http://www.xbrl.org/2003/arcrole/parent-child" xlink:from="loc_ifrs-full_IncomeStatementAbstract_26214a25-aa11-447d-b086-58e2aba547c0" xlink:to="loc_ifrs-full_OtherExpenseByNature_082d3b70-a412-4aee-8a3d-bc846393bf6b" xlink:type="arc" preferredLabel="http://www.xbrl.org/2003/role/terseLabel"/>
    <link:loc xlink:type="locator" xlink:label="loc_ifrs-full_OtherIncome_3a505de2-caa4-4056-8844-88c076920fff" xlink:href="http://xbrl.ifrs.org/taxonomy/2019-03-27/full_ifrs/full_ifrs-cor_2019-03-27.xsd#ifrs-full_OtherIncome"/>
    <link:presentationArc order="6" xlink:arcrole="http://www.xbrl.org/2003/arcrole/parent-child" xlink:from="loc_ifrs-full_IncomeStatementAbstract_26214a25-aa11-447d-b086-58e2aba547c0" xlink:to="loc_ifrs-full_OtherIncome_3a505de2-caa4-4056-8844-88c076920fff" xlink:type="arc" preferredLabel="http://www.xbrl.org/2003/role/terseLabel"/>
    <link:loc xlink:type="locator" xlink:label="loc_ifrs-full_DepreciationAndAmortisationExpense_6e34abe7-a6ed-4cbe-a9b7-06bf464c9d57" xlink:href="http://xbrl.ifrs.org/taxonomy/2019-03-27/full_ifrs/full_ifrs-cor_2019-03-27.xsd#ifrs-full_DepreciationAndAmortisationExpense"/>
    <link:presentationArc order="7" xlink:arcrole="http://www.xbrl.org/2003/arcrole/parent-child" xlink:from="loc_ifrs-full_IncomeStatementAbstract_26214a25-aa11-447d-b086-58e2aba547c0" xlink:to="loc_ifrs-full_DepreciationAndAmortisationExpense_6e34abe7-a6ed-4cbe-a9b7-06bf464c9d57" xlink:type="arc" preferredLabel="http://www.xbrl.org/2003/role/terseLabel"/>
    <link:loc xlink:type="locator" xlink:label="loc_ifrs-full_ProfitLossFromOperatingActivities_17c359d0-3496-4d4b-823b-053a3f797897" xlink:href="http://xbrl.ifrs.org/taxonomy/2019-03-27/full_ifrs/full_ifrs-cor_2019-03-27.xsd#ifrs-full_ProfitLossFromOperatingActivities"/>
    <link:presentationArc order="8" xlink:arcrole="http://www.xbrl.org/2003/arcrole/parent-child" xlink:from="loc_ifrs-full_IncomeStatementAbstract_26214a25-aa11-447d-b086-58e2aba547c0" xlink:to="loc_ifrs-full_ProfitLossFromOperatingActivities_17c359d0-3496-4d4b-823b-053a3f797897" xlink:type="arc" preferredLabel="http://www.xbrl.org/2003/role/totalLabel"/>
    <link:loc xlink:type="locator" xlink:label="loc_ifrs-full_RevenueFromGovernmentGrants_00b1647f-2c72-49ac-8702-115817807d72" xlink:href="http://xbrl.ifrs.org/taxonomy/2019-03-27/full_ifrs/full_ifrs-cor_2019-03-27.xsd#ifrs-full_RevenueFromGovernmentGrants"/>
    <link:presentationArc order="9" xlink:arcrole="http://www.xbrl.org/2003/arcrole/parent-child" xlink:from="loc_ifrs-full_IncomeStatementAbstract_26214a25-aa11-447d-b086-58e2aba547c0" xlink:to="loc_ifrs-full_RevenueFromGovernmentGrants_00b1647f-2c72-49ac-8702-115817807d72" xlink:type="arc" preferredLabel="http://www.xbrl.org/2003/role/terseLabel"/>
    <link:loc xlink:type="locator" xlink:label="loc_ifrs-full_FinanceIncomeCost_e7b68275-2e63-4914-b695-bab6c106fca9" xlink:href="http://xbrl.ifrs.org/taxonomy/2019-03-27/full_ifrs/full_ifrs-cor_2019-03-27.xsd#ifrs-full_FinanceIncomeCost"/>
    <link:presentationArc order="10" xlink:arcrole="http://www.xbrl.org/2003/arcrole/parent-child" xlink:from="loc_ifrs-full_IncomeStatementAbstract_26214a25-aa11-447d-b086-58e2aba547c0" xlink:to="loc_ifrs-full_FinanceIncomeCost_e7b68275-2e63-4914-b695-bab6c106fca9" xlink:type="arc" preferredLabel="http://www.xbrl.org/2003/role/terseLabel"/>
    <link:loc xlink:type="locator" xlink:label="loc_ifrs-full_ProfitLoss_4a6a0ad9-b793-4372-934b-d67f325ea2b6" xlink:href="http://xbrl.ifrs.org/taxonomy/2019-03-27/full_ifrs/full_ifrs-cor_2019-03-27.xsd#ifrs-full_ProfitLoss"/>
    <link:presentationArc order="11" xlink:arcrole="http://www.xbrl.org/2003/arcrole/parent-child" xlink:from="loc_ifrs-full_IncomeStatementAbstract_26214a25-aa11-447d-b086-58e2aba547c0" xlink:to="loc_ifrs-full_ProfitLoss_4a6a0ad9-b793-4372-934b-d67f325ea2b6" xlink:type="arc" preferredLabel="http://www.xbrl.org/2003/role/totalLabel"/>
    <link:loc xlink:type="locator" xlink:label="loc_ifrs-full_OtherComprehensiveIncomeNetOfTaxGainsLossesOnRemeasurementsOfDefinedBenefitPlans_756ba04b-831f-4bc2-bdf6-9ee1f8671b63" xlink:href="http://xbrl.ifrs.org/taxonomy/2019-03-27/full_ifrs/full_ifrs-cor_2019-03-27.xsd#ifrs-full_OtherComprehensiveIncomeNetOfTaxGainsLossesOnRemeasurementsOfDefinedBenefitPlans"/>
    <link:presentationArc order="12" xlink:arcrole="http://www.xbrl.org/2003/arcrole/parent-child" xlink:from="loc_ifrs-full_IncomeStatementAbstract_26214a25-aa11-447d-b086-58e2aba547c0" xlink:to="loc_ifrs-full_OtherComprehensiveIncomeNetOfTaxGainsLossesOnRemeasurementsOfDefinedBenefitPlans_756ba04b-831f-4bc2-bdf6-9ee1f8671b63" xlink:type="arc" preferredLabel="http://www.xbrl.org/2003/role/terseLabel"/>
    <link:loc xlink:type="locator" xlink:label="loc_ifrs-full_OtherComprehensiveIncomeThatWillNotBeReclassifiedToProfitOrLossNetOfTax_9fed42ef-089c-4aa3-b47a-3c82a83127c3" xlink:href="http://xbrl.ifrs.org/taxonomy/2019-03-27/full_ifrs/full_ifrs-cor_2019-03-27.xsd#ifrs-full_OtherComprehensiveIncomeThatWillNotBeReclassifiedToProfitOrLossNetOfTax"/>
    <link:presentationArc order="13" xlink:arcrole="http://www.xbrl.org/2003/arcrole/parent-child" xlink:from="loc_ifrs-full_IncomeStatementAbstract_26214a25-aa11-447d-b086-58e2aba547c0" xlink:to="loc_ifrs-full_OtherComprehensiveIncomeThatWillNotBeReclassifiedToProfitOrLossNetOfTax_9fed42ef-089c-4aa3-b47a-3c82a83127c3" xlink:type="arc" preferredLabel="http://www.xbrl.org/2003/role/totalLabel"/>
    <link:loc xlink:type="locator" xlink:label="loc_ifrs-full_OtherComprehensiveIncome_b5c07a63-a807-494f-86f5-2c24a070d603" xlink:href="http://xbrl.ifrs.org/taxonomy/2019-03-27/full_ifrs/full_ifrs-cor_2019-03-27.xsd#ifrs-full_OtherComprehensiveIncome"/>
    <link:presentationArc order="14" xlink:arcrole="http://www.xbrl.org/2003/arcrole/parent-child" xlink:from="loc_ifrs-full_IncomeStatementAbstract_26214a25-aa11-447d-b086-58e2aba547c0" xlink:to="loc_ifrs-full_OtherComprehensiveIncome_b5c07a63-a807-494f-86f5-2c24a070d603" xlink:type="arc" preferredLabel="http://www.xbrl.org/2003/role/totalLabel"/>
    <link:loc xlink:type="locator" xlink:label="loc_ifrs-full_ComprehensiveIncome_8fa07496-c506-4266-a5d2-f248b2825b37" xlink:href="http://xbrl.ifrs.org/taxonomy/2019-03-27/full_ifrs/full_ifrs-cor_2019-03-27.xsd#ifrs-full_ComprehensiveIncome"/>
    <link:presentationArc order="15" xlink:arcrole="http://www.xbrl.org/2003/arcrole/parent-child" xlink:from="loc_ifrs-full_IncomeStatementAbstract_26214a25-aa11-447d-b086-58e2aba547c0" xlink:to="loc_ifrs-full_ComprehensiveIncome_8fa07496-c506-4266-a5d2-f248b2825b37" xlink:type="arc" preferredLabel="http://www.xbrl.org/2003/role/totalLabel"/>
  </link:presentationLink>
  <link:roleRef roleURI="http://www.gleif.org/role/StatementoffinancialpositioncurrentnoncurrentStatement" xlink:type="simple" xlink:href="gleif-2020-12-31.xsd#StatementoffinancialpositioncurrentnoncurrentStatement"/>
  <link:presentationLink xlink:role="http://www.gleif.org/role/StatementoffinancialpositioncurrentnoncurrentStatement" xlink:type="extended">
    <link:loc xlink:type="locator" xlink:label="loc_ifrs-full_StatementOfFinancialPositionAbstract_f77f1150-355b-4ceb-958a-c190fb990928" xlink:href="http://xbrl.ifrs.org/taxonomy/2019-03-27/full_ifrs/full_ifrs-cor_2019-03-27.xsd#ifrs-full_StatementOfFinancialPositionAbstract"/>
    <link:loc xlink:type="locator" xlink:label="loc_ifrs-full_AssetsAbstract_ac448998-f741-439f-bebb-c27e7d5532aa" xlink:href="http://xbrl.ifrs.org/taxonomy/2019-03-27/full_ifrs/full_ifrs-cor_2019-03-27.xsd#ifrs-full_AssetsAbstract"/>
    <link:presentationArc order="1" xlink:arcrole="http://www.xbrl.org/2003/arcrole/parent-child" xlink:from="loc_ifrs-full_StatementOfFinancialPositionAbstract_f77f1150-355b-4ceb-958a-c190fb990928" xlink:to="loc_ifrs-full_AssetsAbstract_ac448998-f741-439f-bebb-c27e7d5532aa" xlink:type="arc" preferredLabel="http://www.xbrl.org/2003/role/terseLabel"/>
    <link:loc xlink:type="locator" xlink:label="loc_ifrs-full_CurrentAssetsAbstract_dd416204-38fc-42f7-8170-a8dc96d399ef" xlink:href="http://xbrl.ifrs.org/taxonomy/2019-03-27/full_ifrs/full_ifrs-cor_2019-03-27.xsd#ifrs-full_CurrentAssetsAbstract"/>
    <link:presentationArc order="1" xlink:arcrole="http://www.xbrl.org/2003/arcrole/parent-child" xlink:from="loc_ifrs-full_AssetsAbstract_ac448998-f741-439f-bebb-c27e7d5532aa" xlink:to="loc_ifrs-full_CurrentAssetsAbstract_dd416204-38fc-42f7-8170-a8dc96d399ef" xlink:type="arc" preferredLabel="http://www.xbrl.org/2003/role/terseLabel"/>
    <link:loc xlink:type="locator" xlink:label="loc_ifrs-full_CurrentTradeReceivables_c3ce75bc-83f2-47cb-ada8-f071d0a3f21f" xlink:href="http://xbrl.ifrs.org/taxonomy/2019-03-27/full_ifrs/full_ifrs-cor_2019-03-27.xsd#ifrs-full_CurrentTradeReceivables"/>
    <link:presentationArc order="1" xlink:arcrole="http://www.xbrl.org/2003/arcrole/parent-child" xlink:from="loc_ifrs-full_CurrentAssetsAbstract_dd416204-38fc-42f7-8170-a8dc96d399ef" xlink:to="loc_ifrs-full_CurrentTradeReceivables_c3ce75bc-83f2-47cb-ada8-f071d0a3f21f" xlink:type="arc" preferredLabel="http://www.xbrl.org/2003/role/terseLabel"/>
    <link:loc xlink:type="locator" xlink:label="loc_ifrs-full_OtherCurrentFinancialAssets_5dfe357d-6ca1-4423-be5c-a6b7aadd9ac8" xlink:href="http://xbrl.ifrs.org/taxonomy/2019-03-27/full_ifrs/full_ifrs-cor_2019-03-27.xsd#ifrs-full_OtherCurrentFinancialAssets"/>
    <link:presentationArc order="2" xlink:arcrole="http://www.xbrl.org/2003/arcrole/parent-child" xlink:from="loc_ifrs-full_CurrentAssetsAbstract_dd416204-38fc-42f7-8170-a8dc96d399ef" xlink:to="loc_ifrs-full_OtherCurrentFinancialAssets_5dfe357d-6ca1-4423-be5c-a6b7aadd9ac8" xlink:type="arc" preferredLabel="http://www.xbrl.org/2003/role/terseLabel"/>
    <link:loc xlink:type="locator" xlink:label="loc_ifrs-full_OtherCurrentAssets_9812054a-c773-41a1-9e48-2709140a8c26" xlink:href="http://xbrl.ifrs.org/taxonomy/2019-03-27/full_ifrs/full_ifrs-cor_2019-03-27.xsd#ifrs-full_OtherCurrentAssets"/>
    <link:presentationArc order="3" xlink:arcrole="http://www.xbrl.org/2003/arcrole/parent-child" xlink:from="loc_ifrs-full_CurrentAssetsAbstract_dd416204-38fc-42f7-8170-a8dc96d399ef" xlink:to="loc_ifrs-full_OtherCurrentAssets_9812054a-c773-41a1-9e48-2709140a8c26" xlink:type="arc" preferredLabel="http://www.xbrl.org/2003/role/terseLabel"/>
    <link:loc xlink:type="locator" xlink:label="loc_ifrs-full_CashAndCashEquivalents_1d04898a-5035-40b3-a00d-43aa9ba2caab" xlink:href="http://xbrl.ifrs.org/taxonomy/2019-03-27/full_ifrs/full_ifrs-cor_2019-03-27.xsd#ifrs-full_CashAndCashEquivalents"/>
    <link:presentationArc order="4" xlink:arcrole="http://www.xbrl.org/2003/arcrole/parent-child" xlink:from="loc_ifrs-full_CurrentAssetsAbstract_dd416204-38fc-42f7-8170-a8dc96d399ef" xlink:to="loc_ifrs-full_CashAndCashEquivalents_1d04898a-5035-40b3-a00d-43aa9ba2caab" xlink:type="arc" preferredLabel="http://www.xbrl.org/2003/role/terseLabel"/>
    <link:loc xlink:type="locator" xlink:label="loc_ifrs-full_CurrentAssets_af519566-0176-42c8-9ce5-fc1224bee040" xlink:href="http://xbrl.ifrs.org/taxonomy/2019-03-27/full_ifrs/full_ifrs-cor_2019-03-27.xsd#ifrs-full_CurrentAssets"/>
    <link:presentationArc order="5" xlink:arcrole="http://www.xbrl.org/2003/arcrole/parent-child" xlink:from="loc_ifrs-full_CurrentAssetsAbstract_dd416204-38fc-42f7-8170-a8dc96d399ef" xlink:to="loc_ifrs-full_CurrentAssets_af519566-0176-42c8-9ce5-fc1224bee040" xlink:type="arc" preferredLabel="http://www.xbrl.org/2003/role/totalLabel"/>
    <link:loc xlink:type="locator" xlink:label="loc_ifrs-full_NoncurrentAssetsAbstract_b272a9b6-c409-4634-8985-15f065a20df8" xlink:href="http://xbrl.ifrs.org/taxonomy/2019-03-27/full_ifrs/full_ifrs-cor_2019-03-27.xsd#ifrs-full_NoncurrentAssetsAbstract"/>
    <link:presentationArc order="2" xlink:arcrole="http://www.xbrl.org/2003/arcrole/parent-child" xlink:from="loc_ifrs-full_AssetsAbstract_ac448998-f741-439f-bebb-c27e7d5532aa" xlink:to="loc_ifrs-full_NoncurrentAssetsAbstract_b272a9b6-c409-4634-8985-15f065a20df8" xlink:type="arc" preferredLabel="http://www.xbrl.org/2003/role/terseLabel"/>
    <link:loc xlink:type="locator" xlink:label="loc_ifrs-full_IntangibleAssetsOtherThanGoodwill_cf68ae9b-7085-429c-8239-fa12d310a94b" xlink:href="http://xbrl.ifrs.org/taxonomy/2019-03-27/full_ifrs/full_ifrs-cor_2019-03-27.xsd#ifrs-full_IntangibleAssetsOtherThanGoodwill"/>
    <link:presentationArc order="1" xlink:arcrole="http://www.xbrl.org/2003/arcrole/parent-child" xlink:from="loc_ifrs-full_NoncurrentAssetsAbstract_b272a9b6-c409-4634-8985-15f065a20df8" xlink:to="loc_ifrs-full_IntangibleAssetsOtherThanGoodwill_cf68ae9b-7085-429c-8239-fa12d310a94b" xlink:type="arc" preferredLabel="http://www.xbrl.org/2003/role/terseLabel"/>
    <link:loc xlink:type="locator" xlink:label="loc_ifrs-full_PropertyPlantAndEquipment_2dc88f09-e5ad-44ca-b215-8baa191ad0c7" xlink:href="http://xbrl.ifrs.org/taxonomy/2019-03-27/full_ifrs/full_ifrs-cor_2019-03-27.xsd#ifrs-full_PropertyPlantAndEquipment"/>
    <link:presentationArc order="2" xlink:arcrole="http://www.xbrl.org/2003/arcrole/parent-child" xlink:from="loc_ifrs-full_NoncurrentAssetsAbstract_b272a9b6-c409-4634-8985-15f065a20df8" xlink:to="loc_ifrs-full_PropertyPlantAndEquipment_2dc88f09-e5ad-44ca-b215-8baa191ad0c7" xlink:type="arc" preferredLabel="http://www.xbrl.org/2003/role/terseLabel"/>
    <link:loc xlink:type="locator" xlink:label="loc_ifrs-full_NoncurrentFinancialAssets_711fec99-8e41-4529-bc08-c677cfa5bfad" xlink:href="http://xbrl.ifrs.org/taxonomy/2019-03-27/full_ifrs/full_ifrs-cor_2019-03-27.xsd#ifrs-full_NoncurrentFinancialAssets"/>
    <link:presentationArc order="3" xlink:arcrole="http://www.xbrl.org/2003/arcrole/parent-child" xlink:from="loc_ifrs-full_NoncurrentAssetsAbstract_b272a9b6-c409-4634-8985-15f065a20df8" xlink:to="loc_ifrs-full_NoncurrentFinancialAssets_711fec99-8e41-4529-bc08-c677cfa5bfad" xlink:type="arc" preferredLabel="http://www.xbrl.org/2003/role/terseLabel"/>
    <link:loc xlink:type="locator" xlink:label="loc_ifrs-full_RightofuseAssets_e81d5dfb-cfff-4c9e-af0b-3478539871cc" xlink:href="http://xbrl.ifrs.org/taxonomy/2019-03-27/full_ifrs/full_ifrs-cor_2019-03-27.xsd#ifrs-full_RightofuseAssets"/>
    <link:presentationArc order="4" xlink:arcrole="http://www.xbrl.org/2003/arcrole/parent-child" xlink:from="loc_ifrs-full_NoncurrentAssetsAbstract_b272a9b6-c409-4634-8985-15f065a20df8" xlink:to="loc_ifrs-full_RightofuseAssets_e81d5dfb-cfff-4c9e-af0b-3478539871cc" xlink:type="arc" preferredLabel="http://www.xbrl.org/2003/role/terseLabel"/>
    <link:loc xlink:type="locator" xlink:label="loc_ifrs-full_NoncurrentAssets_6a365835-16eb-40c9-929c-274c8dc27f4a" xlink:href="http://xbrl.ifrs.org/taxonomy/2019-03-27/full_ifrs/full_ifrs-cor_2019-03-27.xsd#ifrs-full_NoncurrentAssets"/>
    <link:presentationArc order="5" xlink:arcrole="http://www.xbrl.org/2003/arcrole/parent-child" xlink:from="loc_ifrs-full_NoncurrentAssetsAbstract_b272a9b6-c409-4634-8985-15f065a20df8" xlink:to="loc_ifrs-full_NoncurrentAssets_6a365835-16eb-40c9-929c-274c8dc27f4a" xlink:type="arc" preferredLabel="http://www.xbrl.org/2003/role/totalLabel"/>
    <link:loc xlink:type="locator" xlink:label="loc_ifrs-full_Assets_1d412f4e-2d9d-40ab-800f-3830257b825d" xlink:href="http://xbrl.ifrs.org/taxonomy/2019-03-27/full_ifrs/full_ifrs-cor_2019-03-27.xsd#ifrs-full_Assets"/>
    <link:presentationArc order="3" xlink:arcrole="http://www.xbrl.org/2003/arcrole/parent-child" xlink:from="loc_ifrs-full_AssetsAbstract_ac448998-f741-439f-bebb-c27e7d5532aa" xlink:to="loc_ifrs-full_Assets_1d412f4e-2d9d-40ab-800f-3830257b825d" xlink:type="arc" preferredLabel="http://www.xbrl.org/2003/role/totalLabel"/>
    <link:loc xlink:type="locator" xlink:label="loc_ifrs-full_EquityAndLiabilitiesAbstract_4b33c9e1-7692-414e-a5fd-be3fd9b56dbb" xlink:href="http://xbrl.ifrs.org/taxonomy/2019-03-27/full_ifrs/full_ifrs-cor_2019-03-27.xsd#ifrs-full_EquityAndLiabilitiesAbstract"/>
    <link:presentationArc order="2" xlink:arcrole="http://www.xbrl.org/2003/arcrole/parent-child" xlink:from="loc_ifrs-full_StatementOfFinancialPositionAbstract_f77f1150-355b-4ceb-958a-c190fb990928" xlink:to="loc_ifrs-full_EquityAndLiabilitiesAbstract_4b33c9e1-7692-414e-a5fd-be3fd9b56dbb" xlink:type="arc" preferredLabel="http://www.xbrl.org/2003/role/terseLabel"/>
    <link:loc xlink:type="locator" xlink:label="loc_ifrs-full_CurrentLiabilitiesAbstract_b86b552e-6937-4afc-8525-28a13ef21c3a" xlink:href="http://xbrl.ifrs.org/taxonomy/2019-03-27/full_ifrs/full_ifrs-cor_2019-03-27.xsd#ifrs-full_CurrentLiabilitiesAbstract"/>
    <link:presentationArc order="1" xlink:arcrole="http://www.xbrl.org/2003/arcrole/parent-child" xlink:from="loc_ifrs-full_EquityAndLiabilitiesAbstract_4b33c9e1-7692-414e-a5fd-be3fd9b56dbb" xlink:to="loc_ifrs-full_CurrentLiabilitiesAbstract_b86b552e-6937-4afc-8525-28a13ef21c3a" xlink:type="arc" preferredLabel="http://www.xbrl.org/2003/role/terseLabel"/>
    <link:loc xlink:type="locator" xlink:label="loc_ifrs-full_TradeAndOtherCurrentPayablesToTradeSuppliers_e70cd966-450d-45c1-8d38-3ddeecf0736b" xlink:href="http://xbrl.ifrs.org/taxonomy/2019-03-27/full_ifrs/full_ifrs-cor_2019-03-27.xsd#ifrs-full_TradeAndOtherCurrentPayablesToTradeSuppliers"/>
    <link:presentationArc order="1" xlink:arcrole="http://www.xbrl.org/2003/arcrole/parent-child" xlink:from="loc_ifrs-full_CurrentLiabilitiesAbstract_b86b552e-6937-4afc-8525-28a13ef21c3a" xlink:to="loc_ifrs-full_TradeAndOtherCurrentPayablesToTradeSuppliers_e70cd966-450d-45c1-8d38-3ddeecf0736b" xlink:type="arc" preferredLabel="http://www.xbrl.org/2003/role/terseLabel"/>
    <link:loc xlink:type="locator" xlink:label="loc_gleif_LiabilitiesDueToBoardDirectors_895bbfab-fac9-4eb6-af15-19f7561015a4" xlink:href="gleif-2020-12-31.xsd#gleif_LiabilitiesDueToBoardDirectors"/>
    <link:presentationArc order="2" xlink:arcrole="http://www.xbrl.org/2003/arcrole/parent-child" xlink:from="loc_ifrs-full_CurrentLiabilitiesAbstract_b86b552e-6937-4afc-8525-28a13ef21c3a" xlink:to="loc_gleif_LiabilitiesDueToBoardDirectors_895bbfab-fac9-4eb6-af15-19f7561015a4" xlink:type="arc" preferredLabel="http://www.xbrl.org/2003/role/terseLabel"/>
    <link:loc xlink:type="locator" xlink:label="loc_ifrs-full_OtherCurrentFinancialLiabilities_9d30297e-3045-456d-9ce7-1cd4c4bc454b" xlink:href="http://xbrl.ifrs.org/taxonomy/2019-03-27/full_ifrs/full_ifrs-cor_2019-03-27.xsd#ifrs-full_OtherCurrentFinancialLiabilities"/>
    <link:presentationArc order="3" xlink:arcrole="http://www.xbrl.org/2003/arcrole/parent-child" xlink:from="loc_ifrs-full_CurrentLiabilitiesAbstract_b86b552e-6937-4afc-8525-28a13ef21c3a" xlink:to="loc_ifrs-full_OtherCurrentFinancialLiabilities_9d30297e-3045-456d-9ce7-1cd4c4bc454b" xlink:type="arc" preferredLabel="http://www.xbrl.org/2003/role/terseLabel"/>
    <link:loc xlink:type="locator" xlink:label="loc_ifrs-full_OtherCurrentPayables_5b03dc78-d8b9-4706-be07-890fc8b15969" xlink:href="http://xbrl.ifrs.org/taxonomy/2019-03-27/full_ifrs/full_ifrs-cor_2019-03-27.xsd#ifrs-full_OtherCurrentPayables"/>
    <link:presentationArc order="4" xlink:arcrole="http://www.xbrl.org/2003/arcrole/parent-child" xlink:from="loc_ifrs-full_CurrentLiabilitiesAbstract_b86b552e-6937-4afc-8525-28a13ef21c3a" xlink:to="loc_ifrs-full_OtherCurrentPayables_5b03dc78-d8b9-4706-be07-890fc8b15969" xlink:type="arc" preferredLabel="http://www.xbrl.org/2003/role/terseLabel"/>
    <link:loc xlink:type="locator" xlink:label="loc_ifrs-full_CurrentGovernmentGrants_c88d1d59-f27f-47fc-bbfd-2b11df5f7316" xlink:href="http://xbrl.ifrs.org/taxonomy/2019-03-27/full_ifrs/full_ifrs-cor_2019-03-27.xsd#ifrs-full_CurrentGovernmentGrants"/>
    <link:presentationArc order="5" xlink:arcrole="http://www.xbrl.org/2003/arcrole/parent-child" xlink:from="loc_ifrs-full_CurrentLiabilitiesAbstract_b86b552e-6937-4afc-8525-28a13ef21c3a" xlink:to="loc_ifrs-full_CurrentGovernmentGrants_c88d1d59-f27f-47fc-bbfd-2b11df5f7316" xlink:type="arc" preferredLabel="http://www.xbrl.org/2003/role/label"/>
    <link:loc xlink:type="locator" xlink:label="loc_ifrs-full_CurrentLiabilities_59b8f5b4-8058-4c05-9426-df1d3aab7fd5" xlink:href="http://xbrl.ifrs.org/taxonomy/2019-03-27/full_ifrs/full_ifrs-cor_2019-03-27.xsd#ifrs-full_CurrentLiabilities"/>
    <link:presentationArc order="6" xlink:arcrole="http://www.xbrl.org/2003/arcrole/parent-child" xlink:from="loc_ifrs-full_CurrentLiabilitiesAbstract_b86b552e-6937-4afc-8525-28a13ef21c3a" xlink:to="loc_ifrs-full_CurrentLiabilities_59b8f5b4-8058-4c05-9426-df1d3aab7fd5" xlink:type="arc" preferredLabel="http://www.xbrl.org/2003/role/totalLabel"/>
    <link:loc xlink:type="locator" xlink:label="loc_ifrs-full_NoncurrentLiabilitiesAbstract_4daba42b-4b51-48c7-b6dc-98eeeca77388" xlink:href="http://xbrl.ifrs.org/taxonomy/2019-03-27/full_ifrs/full_ifrs-cor_2019-03-27.xsd#ifrs-full_NoncurrentLiabilitiesAbstract"/>
    <link:presentationArc order="2" xlink:arcrole="http://www.xbrl.org/2003/arcrole/parent-child" xlink:from="loc_ifrs-full_EquityAndLiabilitiesAbstract_4b33c9e1-7692-414e-a5fd-be3fd9b56dbb" xlink:to="loc_ifrs-full_NoncurrentLiabilitiesAbstract_4daba42b-4b51-48c7-b6dc-98eeeca77388" xlink:type="arc" preferredLabel="http://www.xbrl.org/2003/role/terseLabel"/>
    <link:loc xlink:type="locator" xlink:label="loc_ifrs-full_NoncurrentRecognisedLiabilitiesDefinedBenefitPlan_10483d66-2674-4234-836c-206683dbfbc1" xlink:href="http://xbrl.ifrs.org/taxonomy/2019-03-27/full_ifrs/full_ifrs-cor_2019-03-27.xsd#ifrs-full_NoncurrentRecognisedLiabilitiesDefinedBenefitPlan"/>
    <link:presentationArc order="1" xlink:arcrole="http://www.xbrl.org/2003/arcrole/parent-child" xlink:from="loc_ifrs-full_NoncurrentLiabilitiesAbstract_4daba42b-4b51-48c7-b6dc-98eeeca77388" xlink:to="loc_ifrs-full_NoncurrentRecognisedLiabilitiesDefinedBenefitPlan_10483d66-2674-4234-836c-206683dbfbc1" xlink:type="arc" preferredLabel="http://www.xbrl.org/2003/role/terseLabel"/>
    <link:loc xlink:type="locator" xlink:label="loc_ifrs-full_OtherNoncurrentFinancialLiabilities_6aef5c82-f33b-46f1-b65f-1b4ead708bdb" xlink:href="http://xbrl.ifrs.org/taxonomy/2019-03-27/full_ifrs/full_ifrs-cor_2019-03-27.xsd#ifrs-full_OtherNoncurrentFinancialLiabilities"/>
    <link:presentationArc order="2" xlink:arcrole="http://www.xbrl.org/2003/arcrole/parent-child" xlink:from="loc_ifrs-full_NoncurrentLiabilitiesAbstract_4daba42b-4b51-48c7-b6dc-98eeeca77388" xlink:to="loc_ifrs-full_OtherNoncurrentFinancialLiabilities_6aef5c82-f33b-46f1-b65f-1b4ead708bdb" xlink:type="arc" preferredLabel="http://www.xbrl.org/2003/role/terseLabel"/>
    <link:loc xlink:type="locator" xlink:label="loc_ifrs-full_NoncurrentGovernmentGrants_fc850537-bb69-48ec-97c2-02f7e15acb10" xlink:href="http://xbrl.ifrs.org/taxonomy/2019-03-27/full_ifrs/full_ifrs-cor_2019-03-27.xsd#ifrs-full_NoncurrentGovernmentGrants"/>
    <link:presentationArc order="3" xlink:arcrole="http://www.xbrl.org/2003/arcrole/parent-child" xlink:from="loc_ifrs-full_NoncurrentLiabilitiesAbstract_4daba42b-4b51-48c7-b6dc-98eeeca77388" xlink:to="loc_ifrs-full_NoncurrentGovernmentGrants_fc850537-bb69-48ec-97c2-02f7e15acb10" xlink:type="arc" preferredLabel="http://www.xbrl.org/2003/role/terseLabel"/>
    <link:loc xlink:type="locator" xlink:label="loc_ifrs-full_NoncurrentLiabilities_0f6487b6-757e-4d08-813f-956dcf4a2db5" xlink:href="http://xbrl.ifrs.org/taxonomy/2019-03-27/full_ifrs/full_ifrs-cor_2019-03-27.xsd#ifrs-full_NoncurrentLiabilities"/>
    <link:presentationArc order="4" xlink:arcrole="http://www.xbrl.org/2003/arcrole/parent-child" xlink:from="loc_ifrs-full_NoncurrentLiabilitiesAbstract_4daba42b-4b51-48c7-b6dc-98eeeca77388" xlink:to="loc_ifrs-full_NoncurrentLiabilities_0f6487b6-757e-4d08-813f-956dcf4a2db5" xlink:type="arc" preferredLabel="http://www.xbrl.org/2003/role/totalLabel"/>
    <link:loc xlink:type="locator" xlink:label="loc_ifrs-full_EquityAbstract_50951106-f6f1-4e2f-9969-e0e446be951a" xlink:href="http://xbrl.ifrs.org/taxonomy/2019-03-27/full_ifrs/full_ifrs-cor_2019-03-27.xsd#ifrs-full_EquityAbstract"/>
    <link:presentationArc order="3" xlink:arcrole="http://www.xbrl.org/2003/arcrole/parent-child" xlink:from="loc_ifrs-full_EquityAndLiabilitiesAbstract_4b33c9e1-7692-414e-a5fd-be3fd9b56dbb" xlink:to="loc_ifrs-full_EquityAbstract_50951106-f6f1-4e2f-9969-e0e446be951a" xlink:type="arc" preferredLabel="http://www.xbrl.org/2003/role/terseLabel"/>
    <link:loc xlink:type="locator" xlink:label="loc_ifrs-full_IssuedCapital_e6cde91b-1738-4589-82d5-7b9d7df93697" xlink:href="http://xbrl.ifrs.org/taxonomy/2019-03-27/full_ifrs/full_ifrs-cor_2019-03-27.xsd#ifrs-full_IssuedCapital"/>
    <link:presentationArc order="1" xlink:arcrole="http://www.xbrl.org/2003/arcrole/parent-child" xlink:from="loc_ifrs-full_EquityAbstract_50951106-f6f1-4e2f-9969-e0e446be951a" xlink:to="loc_ifrs-full_IssuedCapital_e6cde91b-1738-4589-82d5-7b9d7df93697" xlink:type="arc" preferredLabel="http://www.xbrl.org/2003/role/terseLabel"/>
    <link:loc xlink:type="locator" xlink:label="loc_ifrs-full_OtherReserves_3dbc0bef-a71c-42d9-852b-4abcb100c1f3" xlink:href="http://xbrl.ifrs.org/taxonomy/2019-03-27/full_ifrs/full_ifrs-cor_2019-03-27.xsd#ifrs-full_OtherReserves"/>
    <link:presentationArc order="2" xlink:arcrole="http://www.xbrl.org/2003/arcrole/parent-child" xlink:from="loc_ifrs-full_EquityAbstract_50951106-f6f1-4e2f-9969-e0e446be951a" xlink:to="loc_ifrs-full_OtherReserves_3dbc0bef-a71c-42d9-852b-4abcb100c1f3" xlink:type="arc" preferredLabel="http://www.xbrl.org/2003/role/terseLabel"/>
    <link:loc xlink:type="locator" xlink:label="loc_ifrs-full_RetainedEarnings_441802f1-3dc6-4346-807c-092fd1f548f8" xlink:href="http://xbrl.ifrs.org/taxonomy/2019-03-27/full_ifrs/full_ifrs-cor_2019-03-27.xsd#ifrs-full_RetainedEarnings"/>
    <link:presentationArc order="3" xlink:arcrole="http://www.xbrl.org/2003/arcrole/parent-child" xlink:from="loc_ifrs-full_EquityAbstract_50951106-f6f1-4e2f-9969-e0e446be951a" xlink:to="loc_ifrs-full_RetainedEarnings_441802f1-3dc6-4346-807c-092fd1f548f8" xlink:type="arc" preferredLabel="http://www.xbrl.org/2003/role/terseLabel"/>
    <link:loc xlink:type="locator" xlink:label="loc_ifrs-full_Equity_58499859-f68b-4866-9c66-bd0d43f2bbe1" xlink:href="http://xbrl.ifrs.org/taxonomy/2019-03-27/full_ifrs/full_ifrs-cor_2019-03-27.xsd#ifrs-full_Equity"/>
    <link:presentationArc order="4" xlink:arcrole="http://www.xbrl.org/2003/arcrole/parent-child" xlink:from="loc_ifrs-full_EquityAbstract_50951106-f6f1-4e2f-9969-e0e446be951a" xlink:to="loc_ifrs-full_Equity_58499859-f68b-4866-9c66-bd0d43f2bbe1" xlink:type="arc" preferredLabel="http://www.xbrl.org/2003/role/totalLabel"/>
    <link:loc xlink:type="locator" xlink:label="loc_ifrs-full_EquityAndLiabilities_e98961a3-28f3-4766-b6df-be539166ea01" xlink:href="http://xbrl.ifrs.org/taxonomy/2019-03-27/full_ifrs/full_ifrs-cor_2019-03-27.xsd#ifrs-full_EquityAndLiabilities"/>
    <link:presentationArc order="4" xlink:arcrole="http://www.xbrl.org/2003/arcrole/parent-child" xlink:from="loc_ifrs-full_EquityAndLiabilitiesAbstract_4b33c9e1-7692-414e-a5fd-be3fd9b56dbb" xlink:to="loc_ifrs-full_EquityAndLiabilities_e98961a3-28f3-4766-b6df-be539166ea01" xlink:type="arc" preferredLabel="http://www.xbrl.org/2003/role/totalLabel"/>
  </link:presentationLink>
  <link:roleRef roleURI="http://www.gleif.org/role/StatementofcashflowsdirectmethodStatement" xlink:type="simple" xlink:href="gleif-2020-12-31.xsd#StatementofcashflowsdirectmethodStatement"/>
  <link:presentationLink xlink:role="http://www.gleif.org/role/StatementofcashflowsdirectmethodStatement" xlink:type="extended">
    <link:loc xlink:type="locator" xlink:label="loc_ifrs-full_StatementOfCashFlowsAbstract_f4162011-83a7-48b1-b165-7b2159287839" xlink:href="http://xbrl.ifrs.org/taxonomy/2019-03-27/full_ifrs/full_ifrs-cor_2019-03-27.xsd#ifrs-full_StatementOfCashFlowsAbstract"/>
    <link:loc xlink:type="locator" xlink:label="loc_ifrs-full_CashFlowsFromUsedInOperatingActivitiesAbstract_590a020a-e1c2-4e6a-8fa1-b46e22753751" xlink:href="http://xbrl.ifrs.org/taxonomy/2019-03-27/full_ifrs/full_ifrs-cor_2019-03-27.xsd#ifrs-full_CashFlowsFromUsedInOperatingActivitiesAbstract"/>
    <link:presentationArc order="1" xlink:arcrole="http://www.xbrl.org/2003/arcrole/parent-child" xlink:from="loc_ifrs-full_StatementOfCashFlowsAbstract_f4162011-83a7-48b1-b165-7b2159287839" xlink:to="loc_ifrs-full_CashFlowsFromUsedInOperatingActivitiesAbstract_590a020a-e1c2-4e6a-8fa1-b46e22753751" xlink:type="arc" preferredLabel="http://www.xbrl.org/2003/role/terseLabel"/>
    <link:loc xlink:type="locator" xlink:label="loc_ifrs-full_ProfitLoss_c8577d65-725d-4b91-bb0b-df41da39bc4e" xlink:href="http://xbrl.ifrs.org/taxonomy/2019-03-27/full_ifrs/full_ifrs-cor_2019-03-27.xsd#ifrs-full_ProfitLoss"/>
    <link:presentationArc order="1" xlink:arcrole="http://www.xbrl.org/2003/arcrole/parent-child" xlink:from="loc_ifrs-full_CashFlowsFromUsedInOperatingActivitiesAbstract_590a020a-e1c2-4e6a-8fa1-b46e22753751" xlink:to="loc_ifrs-full_ProfitLoss_c8577d65-725d-4b91-bb0b-df41da39bc4e" xlink:type="arc" preferredLabel="http://www.xbrl.org/2003/role/terseLabel"/>
    <link:loc xlink:type="locator" xlink:label="loc_ifrs-full_AdjustmentsForDepreciationAndAmortisationExpense_dba1dc30-3ab9-4dd4-86fa-dc9e985fcd65" xlink:href="http://xbrl.ifrs.org/taxonomy/2019-03-27/full_ifrs/full_ifrs-cor_2019-03-27.xsd#ifrs-full_AdjustmentsForDepreciationAndAmortisationExpense"/>
    <link:presentationArc order="2" xlink:arcrole="http://www.xbrl.org/2003/arcrole/parent-child" xlink:from="loc_ifrs-full_CashFlowsFromUsedInOperatingActivitiesAbstract_590a020a-e1c2-4e6a-8fa1-b46e22753751" xlink:to="loc_ifrs-full_AdjustmentsForDepreciationAndAmortisationExpense_dba1dc30-3ab9-4dd4-86fa-dc9e985fcd65" xlink:type="arc" preferredLabel="http://www.xbrl.org/2003/role/terseLabel"/>
    <link:loc xlink:type="locator" xlink:label="loc_ifrs-full_AdjustmentsForProvisions_2454d9f8-e87f-4791-96c4-15a750a7cf3e" xlink:href="http://xbrl.ifrs.org/taxonomy/2019-03-27/full_ifrs/full_ifrs-cor_2019-03-27.xsd#ifrs-full_AdjustmentsForProvisions"/>
    <link:presentationArc order="3" xlink:arcrole="http://www.xbrl.org/2003/arcrole/parent-child" xlink:from="loc_ifrs-full_CashFlowsFromUsedInOperatingActivitiesAbstract_590a020a-e1c2-4e6a-8fa1-b46e22753751" xlink:to="loc_ifrs-full_AdjustmentsForProvisions_2454d9f8-e87f-4791-96c4-15a750a7cf3e" xlink:type="arc" preferredLabel="http://www.xbrl.org/2003/role/terseLabel"/>
    <link:loc xlink:type="locator" xlink:label="loc_ifrs-full_AdjustmentsForLossesGainsOnDisposalOfNoncurrentAssets_6a5349f8-cc29-4f99-9118-85f06ed8e4e5" xlink:href="http://xbrl.ifrs.org/taxonomy/2019-03-27/full_ifrs/full_ifrs-cor_2019-03-27.xsd#ifrs-full_AdjustmentsForLossesGainsOnDisposalOfNoncurrentAssets"/>
    <link:presentationArc order="4" xlink:arcrole="http://www.xbrl.org/2003/arcrole/parent-child" xlink:from="loc_ifrs-full_CashFlowsFromUsedInOperatingActivitiesAbstract_590a020a-e1c2-4e6a-8fa1-b46e22753751" xlink:to="loc_ifrs-full_AdjustmentsForLossesGainsOnDisposalOfNoncurrentAssets_6a5349f8-cc29-4f99-9118-85f06ed8e4e5" xlink:type="arc" preferredLabel="http://www.xbrl.org/2003/role/terseLabel"/>
    <link:loc xlink:type="locator" xlink:label="loc_ifrs-full_AdjustmentsForFinanceIncomeCost_0e3eb2e5-d62c-4454-9032-8356d1e62983" xlink:href="http://xbrl.ifrs.org/taxonomy/2019-03-27/full_ifrs/full_ifrs-cor_2019-03-27.xsd#ifrs-full_AdjustmentsForFinanceIncomeCost"/>
    <link:presentationArc order="5" xlink:arcrole="http://www.xbrl.org/2003/arcrole/parent-child" xlink:from="loc_ifrs-full_CashFlowsFromUsedInOperatingActivitiesAbstract_590a020a-e1c2-4e6a-8fa1-b46e22753751" xlink:to="loc_ifrs-full_AdjustmentsForFinanceIncomeCost_0e3eb2e5-d62c-4454-9032-8356d1e62983" xlink:type="arc" preferredLabel="http://www.xbrl.org/2003/role/terseLabel"/>
    <link:loc xlink:type="locator" xlink:label="loc_ifrs-full_OtherAdjustmentsForNoncashItems_8fa6ac58-eab8-45ed-bfcc-b5fbeae3da48" xlink:href="http://xbrl.ifrs.org/taxonomy/2019-03-27/full_ifrs/full_ifrs-cor_2019-03-27.xsd#ifrs-full_OtherAdjustmentsForNoncashItems"/>
    <link:presentationArc order="6" xlink:arcrole="http://www.xbrl.org/2003/arcrole/parent-child" xlink:from="loc_ifrs-full_CashFlowsFromUsedInOperatingActivitiesAbstract_590a020a-e1c2-4e6a-8fa1-b46e22753751" xlink:to="loc_ifrs-full_OtherAdjustmentsForNoncashItems_8fa6ac58-eab8-45ed-bfcc-b5fbeae3da48" xlink:type="arc" preferredLabel="http://www.xbrl.org/2003/role/terseLabel"/>
    <link:loc xlink:type="locator" xlink:label="loc_ifrs-full_AdjustmentsForDecreaseIncreaseInTradeAndOtherReceivables_18c54a84-043f-49d6-abe6-6a21342f43d1" xlink:href="http://xbrl.ifrs.org/taxonomy/2019-03-27/full_ifrs/full_ifrs-cor_2019-03-27.xsd#ifrs-full_AdjustmentsForDecreaseIncreaseInTradeAndOtherReceivables"/>
    <link:presentationArc order="7" xlink:arcrole="http://www.xbrl.org/2003/arcrole/parent-child" xlink:from="loc_ifrs-full_CashFlowsFromUsedInOperatingActivitiesAbstract_590a020a-e1c2-4e6a-8fa1-b46e22753751" xlink:to="loc_ifrs-full_AdjustmentsForDecreaseIncreaseInTradeAndOtherReceivables_18c54a84-043f-49d6-abe6-6a21342f43d1" xlink:type="arc" preferredLabel="http://www.xbrl.org/2003/role/terseLabel"/>
    <link:loc xlink:type="locator" xlink:label="loc_ifrs-full_AdjustmentsForIncreaseDecreaseInTradeAndOtherPayables_21d37526-4ffd-47a8-a1de-5ed927674260" xlink:href="http://xbrl.ifrs.org/taxonomy/2019-03-27/full_ifrs/full_ifrs-cor_2019-03-27.xsd#ifrs-full_AdjustmentsForIncreaseDecreaseInTradeAndOtherPayables"/>
    <link:presentationArc order="8" xlink:arcrole="http://www.xbrl.org/2003/arcrole/parent-child" xlink:from="loc_ifrs-full_CashFlowsFromUsedInOperatingActivitiesAbstract_590a020a-e1c2-4e6a-8fa1-b46e22753751" xlink:to="loc_ifrs-full_AdjustmentsForIncreaseDecreaseInTradeAndOtherPayables_21d37526-4ffd-47a8-a1de-5ed927674260" xlink:type="arc" preferredLabel="http://www.xbrl.org/2003/role/terseLabel"/>
    <link:loc xlink:type="locator" xlink:label="loc_ifrs-full_InterestReceivedClassifiedAsOperatingActivities_52aeddc9-9ebe-4dae-a227-7cb898be3b08" xlink:href="http://xbrl.ifrs.org/taxonomy/2019-03-27/full_ifrs/full_ifrs-cor_2019-03-27.xsd#ifrs-full_InterestReceivedClassifiedAsOperatingActivities"/>
    <link:presentationArc order="9" xlink:arcrole="http://www.xbrl.org/2003/arcrole/parent-child" xlink:from="loc_ifrs-full_CashFlowsFromUsedInOperatingActivitiesAbstract_590a020a-e1c2-4e6a-8fa1-b46e22753751" xlink:to="loc_ifrs-full_InterestReceivedClassifiedAsOperatingActivities_52aeddc9-9ebe-4dae-a227-7cb898be3b08" xlink:type="arc" preferredLabel="http://www.xbrl.org/2003/role/terseLabel"/>
    <link:loc xlink:type="locator" xlink:label="loc_ifrs-full_CashFlowsFromUsedInOperatingActivities_eef826e5-173a-4608-bb04-dea24b9fc7f7" xlink:href="http://xbrl.ifrs.org/taxonomy/2019-03-27/full_ifrs/full_ifrs-cor_2019-03-27.xsd#ifrs-full_CashFlowsFromUsedInOperatingActivities"/>
    <link:presentationArc order="10" xlink:arcrole="http://www.xbrl.org/2003/arcrole/parent-child" xlink:from="loc_ifrs-full_CashFlowsFromUsedInOperatingActivitiesAbstract_590a020a-e1c2-4e6a-8fa1-b46e22753751" xlink:to="loc_ifrs-full_CashFlowsFromUsedInOperatingActivities_eef826e5-173a-4608-bb04-dea24b9fc7f7" xlink:type="arc" preferredLabel="http://www.xbrl.org/2003/role/totalLabel"/>
    <link:loc xlink:type="locator" xlink:label="loc_ifrs-full_CashFlowsFromUsedInInvestingActivitiesAbstract_fa4e068a-f324-49fd-abe9-d48c8d7456cc" xlink:href="http://xbrl.ifrs.org/taxonomy/2019-03-27/full_ifrs/full_ifrs-cor_2019-03-27.xsd#ifrs-full_CashFlowsFromUsedInInvestingActivitiesAbstract"/>
    <link:presentationArc order="2" xlink:arcrole="http://www.xbrl.org/2003/arcrole/parent-child" xlink:from="loc_ifrs-full_StatementOfCashFlowsAbstract_f4162011-83a7-48b1-b165-7b2159287839" xlink:to="loc_ifrs-full_CashFlowsFromUsedInInvestingActivitiesAbstract_fa4e068a-f324-49fd-abe9-d48c8d7456cc" xlink:type="arc" preferredLabel="http://www.xbrl.org/2003/role/terseLabel"/>
    <link:loc xlink:type="locator" xlink:label="loc_ifrs-full_ProceedsFromDisposalsOfPropertyPlantAndEquipmentIntangibleAssetsOtherThanGoodwillInvestmentPropertyAndOtherNoncurrentAssets_b75488cd-831c-4dd4-b006-da5157d0b4f5" xlink:href="http://xbrl.ifrs.org/taxonomy/2019-03-27/full_ifrs/full_ifrs-cor_2019-03-27.xsd#ifrs-full_ProceedsFromDisposalsOfPropertyPlantAndEquipmentIntangibleAssetsOtherThanGoodwillInvestmentPropertyAndOtherNoncurrentAssets"/>
    <link:presentationArc order="1" xlink:arcrole="http://www.xbrl.org/2003/arcrole/parent-child" xlink:from="loc_ifrs-full_CashFlowsFromUsedInInvestingActivitiesAbstract_fa4e068a-f324-49fd-abe9-d48c8d7456cc" xlink:to="loc_ifrs-full_ProceedsFromDisposalsOfPropertyPlantAndEquipmentIntangibleAssetsOtherThanGoodwillInvestmentPropertyAndOtherNoncurrentAssets_b75488cd-831c-4dd4-b006-da5157d0b4f5" xlink:type="arc" preferredLabel="http://www.xbrl.org/2003/role/terseLabel"/>
    <link:loc xlink:type="locator" xlink:label="loc_ifrs-full_PurchaseOfPropertyPlantAndEquipmentIntangibleAssetsOtherThanGoodwillInvestmentPropertyAndOtherNoncurrentAssets_71790ead-ebdd-49b1-ab0e-667869ae3e9b" xlink:href="http://xbrl.ifrs.org/taxonomy/2019-03-27/full_ifrs/full_ifrs-cor_2019-03-27.xsd#ifrs-full_PurchaseOfPropertyPlantAndEquipmentIntangibleAssetsOtherThanGoodwillInvestmentPropertyAndOtherNoncurrentAssets"/>
    <link:presentationArc order="2" xlink:arcrole="http://www.xbrl.org/2003/arcrole/parent-child" xlink:from="loc_ifrs-full_CashFlowsFromUsedInInvestingActivitiesAbstract_fa4e068a-f324-49fd-abe9-d48c8d7456cc" xlink:to="loc_ifrs-full_PurchaseOfPropertyPlantAndEquipmentIntangibleAssetsOtherThanGoodwillInvestmentPropertyAndOtherNoncurrentAssets_71790ead-ebdd-49b1-ab0e-667869ae3e9b" xlink:type="arc" preferredLabel="http://www.xbrl.org/2003/role/terseLabel"/>
    <link:loc xlink:type="locator" xlink:label="loc_ifrs-full_ProceedsFromSalesOrMaturityOfFinancialInstrumentsClassifiedAsInvestingActivities_b065d36f-55aa-48cc-96bf-4f27c30c9f97" xlink:href="http://xbrl.ifrs.org/taxonomy/2019-03-27/full_ifrs/full_ifrs-cor_2019-03-27.xsd#ifrs-full_ProceedsFromSalesOrMaturityOfFinancialInstrumentsClassifiedAsInvestingActivities"/>
    <link:presentationArc order="3" xlink:arcrole="http://www.xbrl.org/2003/arcrole/parent-child" xlink:from="loc_ifrs-full_CashFlowsFromUsedInInvestingActivitiesAbstract_fa4e068a-f324-49fd-abe9-d48c8d7456cc" xlink:to="loc_ifrs-full_ProceedsFromSalesOrMaturityOfFinancialInstrumentsClassifiedAsInvestingActivities_b065d36f-55aa-48cc-96bf-4f27c30c9f97" xlink:type="arc" preferredLabel="http://www.xbrl.org/2003/role/label"/>
    <link:loc xlink:type="locator" xlink:label="loc_ifrs-full_PurchaseOfFinancialInstrumentsClassifiedAsInvestingActivities_9d692af7-91ab-4247-9ba6-eeaea3860f20" xlink:href="http://xbrl.ifrs.org/taxonomy/2019-03-27/full_ifrs/full_ifrs-cor_2019-03-27.xsd#ifrs-full_PurchaseOfFinancialInstrumentsClassifiedAsInvestingActivities"/>
    <link:presentationArc order="4" xlink:arcrole="http://www.xbrl.org/2003/arcrole/parent-child" xlink:from="loc_ifrs-full_CashFlowsFromUsedInInvestingActivitiesAbstract_fa4e068a-f324-49fd-abe9-d48c8d7456cc" xlink:to="loc_ifrs-full_PurchaseOfFinancialInstrumentsClassifiedAsInvestingActivities_9d692af7-91ab-4247-9ba6-eeaea3860f20" xlink:type="arc" preferredLabel="http://www.xbrl.org/2009/role/negatedLabel"/>
    <link:loc xlink:type="locator" xlink:label="loc_ifrs-full_CashFlowsFromUsedInInvestingActivities_3dabab2f-d2e8-4d2f-9edc-d96933ae7717" xlink:href="http://xbrl.ifrs.org/taxonomy/2019-03-27/full_ifrs/full_ifrs-cor_2019-03-27.xsd#ifrs-full_CashFlowsFromUsedInInvestingActivities"/>
    <link:presentationArc order="5" xlink:arcrole="http://www.xbrl.org/2003/arcrole/parent-child" xlink:from="loc_ifrs-full_CashFlowsFromUsedInInvestingActivitiesAbstract_fa4e068a-f324-49fd-abe9-d48c8d7456cc" xlink:to="loc_ifrs-full_CashFlowsFromUsedInInvestingActivities_3dabab2f-d2e8-4d2f-9edc-d96933ae7717" xlink:type="arc" preferredLabel="http://www.xbrl.org/2003/role/totalLabel"/>
    <link:loc xlink:type="locator" xlink:label="loc_ifrs-full_CashFlowsFromUsedInFinancingActivitiesAbstract_8811ac02-51b3-4afc-970b-9acb35134a29" xlink:href="http://xbrl.ifrs.org/taxonomy/2019-03-27/full_ifrs/full_ifrs-cor_2019-03-27.xsd#ifrs-full_CashFlowsFromUsedInFinancingActivitiesAbstract"/>
    <link:presentationArc order="3" xlink:arcrole="http://www.xbrl.org/2003/arcrole/parent-child" xlink:from="loc_ifrs-full_StatementOfCashFlowsAbstract_f4162011-83a7-48b1-b165-7b2159287839" xlink:to="loc_ifrs-full_CashFlowsFromUsedInFinancingActivitiesAbstract_8811ac02-51b3-4afc-970b-9acb35134a29" xlink:type="arc" preferredLabel="http://www.xbrl.org/2003/role/terseLabel"/>
    <link:loc xlink:type="locator" xlink:label="loc_ifrs-full_PaymentsOfLeaseLiabilitiesClassifiedAsFinancingActivities_d53bd693-927b-4db1-a250-4a4b2969fe87" xlink:href="http://xbrl.ifrs.org/taxonomy/2019-03-27/full_ifrs/full_ifrs-cor_2019-03-27.xsd#ifrs-full_PaymentsOfLeaseLiabilitiesClassifiedAsFinancingActivities"/>
    <link:presentationArc order="1" xlink:arcrole="http://www.xbrl.org/2003/arcrole/parent-child" xlink:from="loc_ifrs-full_CashFlowsFromUsedInFinancingActivitiesAbstract_8811ac02-51b3-4afc-970b-9acb35134a29" xlink:to="loc_ifrs-full_PaymentsOfLeaseLiabilitiesClassifiedAsFinancingActivities_d53bd693-927b-4db1-a250-4a4b2969fe87" xlink:type="arc" preferredLabel="http://www.xbrl.org/2009/role/negatedLabel"/>
    <link:loc xlink:type="locator" xlink:label="loc_gleif_PaymentsForOtherFinancingLiabilities_d72cf74f-bc68-4363-8c17-8b78b15d4c63" xlink:href="gleif-2020-12-31.xsd#gleif_PaymentsForOtherFinancingLiabilities"/>
    <link:presentationArc order="2" xlink:arcrole="http://www.xbrl.org/2003/arcrole/parent-child" xlink:from="loc_ifrs-full_CashFlowsFromUsedInFinancingActivitiesAbstract_8811ac02-51b3-4afc-970b-9acb35134a29" xlink:to="loc_gleif_PaymentsForOtherFinancingLiabilities_d72cf74f-bc68-4363-8c17-8b78b15d4c63" xlink:type="arc" preferredLabel="http://www.xbrl.org/2009/role/negatedLabel"/>
    <link:loc xlink:type="locator" xlink:label="loc_gleif_ProceedsFromOtherFinancingLiabilities_92bd754c-6386-40e6-ba0c-28db92213870" xlink:href="gleif-2020-12-31.xsd#gleif_ProceedsFromOtherFinancingLiabilities"/>
    <link:presentationArc order="3" xlink:arcrole="http://www.xbrl.org/2003/arcrole/parent-child" xlink:from="loc_ifrs-full_CashFlowsFromUsedInFinancingActivitiesAbstract_8811ac02-51b3-4afc-970b-9acb35134a29" xlink:to="loc_gleif_ProceedsFromOtherFinancingLiabilities_92bd754c-6386-40e6-ba0c-28db92213870" xlink:type="arc" preferredLabel="http://www.xbrl.org/2003/role/label"/>
    <link:loc xlink:type="locator" xlink:label="loc_ifrs-full_InterestPaidClassifiedAsFinancingActivities_65f15c16-0dac-4bb1-9f84-cd68661727b1" xlink:href="http://xbrl.ifrs.org/taxonomy/2019-03-27/full_ifrs/full_ifrs-cor_2019-03-27.xsd#ifrs-full_InterestPaidClassifiedAsFinancingActivities"/>
    <link:presentationArc order="4" xlink:arcrole="http://www.xbrl.org/2003/arcrole/parent-child" xlink:from="loc_ifrs-full_CashFlowsFromUsedInFinancingActivitiesAbstract_8811ac02-51b3-4afc-970b-9acb35134a29" xlink:to="loc_ifrs-full_InterestPaidClassifiedAsFinancingActivities_65f15c16-0dac-4bb1-9f84-cd68661727b1" xlink:type="arc" preferredLabel="http://www.xbrl.org/2003/role/terseLabel"/>
    <link:loc xlink:type="locator" xlink:label="loc_ifrs-full_CashFlowsFromUsedInFinancingActivities_41e9fbf9-579f-4dd2-8ec2-9dc3810a8c22" xlink:href="http://xbrl.ifrs.org/taxonomy/2019-03-27/full_ifrs/full_ifrs-cor_2019-03-27.xsd#ifrs-full_CashFlowsFromUsedInFinancingActivities"/>
    <link:presentationArc order="5" xlink:arcrole="http://www.xbrl.org/2003/arcrole/parent-child" xlink:from="loc_ifrs-full_CashFlowsFromUsedInFinancingActivitiesAbstract_8811ac02-51b3-4afc-970b-9acb35134a29" xlink:to="loc_ifrs-full_CashFlowsFromUsedInFinancingActivities_41e9fbf9-579f-4dd2-8ec2-9dc3810a8c22" xlink:type="arc" preferredLabel="http://www.xbrl.org/2003/role/totalLabel"/>
    <link:loc xlink:type="locator" xlink:label="loc_ifrs-full_IncreaseDecreaseInCashAndCashEquivalentsBeforeEffectOfExchangeRateChanges_10c9489b-d07b-4a07-a964-8715b203d6ce" xlink:href="http://xbrl.ifrs.org/taxonomy/2019-03-27/full_ifrs/full_ifrs-cor_2019-03-27.xsd#ifrs-full_IncreaseDecreaseInCashAndCashEquivalentsBeforeEffectOfExchangeRateChanges"/>
    <link:presentationArc order="4" xlink:arcrole="http://www.xbrl.org/2003/arcrole/parent-child" xlink:from="loc_ifrs-full_StatementOfCashFlowsAbstract_f4162011-83a7-48b1-b165-7b2159287839" xlink:to="loc_ifrs-full_IncreaseDecreaseInCashAndCashEquivalentsBeforeEffectOfExchangeRateChanges_10c9489b-d07b-4a07-a964-8715b203d6ce" xlink:type="arc" preferredLabel="http://www.xbrl.org/2003/role/totalLabel"/>
    <link:loc xlink:type="locator" xlink:label="loc_ifrs-full_EffectOfExchangeRateChangesOnCashAndCashEquivalents_f904f789-baf5-43a6-9d90-4ee3e2ea3ba8" xlink:href="http://xbrl.ifrs.org/taxonomy/2019-03-27/full_ifrs/full_ifrs-cor_2019-03-27.xsd#ifrs-full_EffectOfExchangeRateChangesOnCashAndCashEquivalents"/>
    <link:presentationArc order="5" xlink:arcrole="http://www.xbrl.org/2003/arcrole/parent-child" xlink:from="loc_ifrs-full_StatementOfCashFlowsAbstract_f4162011-83a7-48b1-b165-7b2159287839" xlink:to="loc_ifrs-full_EffectOfExchangeRateChangesOnCashAndCashEquivalents_f904f789-baf5-43a6-9d90-4ee3e2ea3ba8" xlink:type="arc" preferredLabel="http://www.xbrl.org/2003/role/terseLabel"/>
    <link:loc xlink:type="locator" xlink:label="loc_ifrs-full_CashAndCashEquivalents_10283687-6f89-4e7e-8a39-f3711b53e8fa" xlink:href="http://xbrl.ifrs.org/taxonomy/2019-03-27/full_ifrs/full_ifrs-cor_2019-03-27.xsd#ifrs-full_CashAndCashEquivalents"/>
    <link:presentationArc order="6" xlink:arcrole="http://www.xbrl.org/2003/arcrole/parent-child" xlink:from="loc_ifrs-full_StatementOfCashFlowsAbstract_f4162011-83a7-48b1-b165-7b2159287839" xlink:to="loc_ifrs-full_CashAndCashEquivalents_10283687-6f89-4e7e-8a39-f3711b53e8fa" xlink:type="arc" preferredLabel="http://www.xbrl.org/2003/role/periodStartLabel"/>
    <link:loc xlink:type="locator" xlink:label="loc_ifrs-full_CashAndCashEquivalents_6e2f66b5-1c5a-4f36-8eee-69c36d24de2e" xlink:href="http://xbrl.ifrs.org/taxonomy/2019-03-27/full_ifrs/full_ifrs-cor_2019-03-27.xsd#ifrs-full_CashAndCashEquivalents"/>
    <link:presentationArc order="7" xlink:arcrole="http://www.xbrl.org/2003/arcrole/parent-child" xlink:from="loc_ifrs-full_StatementOfCashFlowsAbstract_f4162011-83a7-48b1-b165-7b2159287839" xlink:to="loc_ifrs-full_CashAndCashEquivalents_6e2f66b5-1c5a-4f36-8eee-69c36d24de2e" xlink:type="arc" preferredLabel="http://www.xbrl.org/2003/role/periodEndLabel"/>
  </link:presentationLink>
  <link:roleRef roleURI="http://www.gleif.org/role/StatementofchangesinequityStatement" xlink:type="simple" xlink:href="gleif-2020-12-31.xsd#StatementofchangesinequityStatement"/>
  <link:presentationLink xlink:role="http://www.gleif.org/role/StatementofchangesinequityStatement" xlink:type="extended">
    <link:loc xlink:type="locator" xlink:label="loc_ifrs-full_StatementOfChangesInEquityAbstract_6bea18f8-b346-49ec-9b6a-512cbc81874b" xlink:href="http://xbrl.ifrs.org/taxonomy/2019-03-27/full_ifrs/full_ifrs-cor_2019-03-27.xsd#ifrs-full_StatementOfChangesInEquityAbstract"/>
    <link:loc xlink:type="locator" xlink:label="loc_ifrs-full_StatementOfChangesInEquityTable_c0582fb5-796f-4b66-8271-0c208a474c2e" xlink:href="http://xbrl.ifrs.org/taxonomy/2019-03-27/full_ifrs/full_ifrs-cor_2019-03-27.xsd#ifrs-full_StatementOfChangesInEquityTable"/>
    <link:presentationArc order="1" xlink:arcrole="http://www.xbrl.org/2003/arcrole/parent-child" xlink:from="loc_ifrs-full_StatementOfChangesInEquityAbstract_6bea18f8-b346-49ec-9b6a-512cbc81874b" xlink:to="loc_ifrs-full_StatementOfChangesInEquityTable_c0582fb5-796f-4b66-8271-0c208a474c2e" xlink:type="arc" preferredLabel="http://www.xbrl.org/2003/role/terseLabel"/>
    <link:loc xlink:type="locator" xlink:label="loc_ifrs-full_ComponentsOfEquityAxis_ad37bed4-b901-40c9-bb05-dc1b6154a8d2" xlink:href="http://xbrl.ifrs.org/taxonomy/2019-03-27/full_ifrs/full_ifrs-cor_2019-03-27.xsd#ifrs-full_ComponentsOfEquityAxis"/>
    <link:presentationArc order="1" xlink:arcrole="http://www.xbrl.org/2003/arcrole/parent-child" xlink:from="loc_ifrs-full_StatementOfChangesInEquityTable_c0582fb5-796f-4b66-8271-0c208a474c2e" xlink:to="loc_ifrs-full_ComponentsOfEquityAxis_ad37bed4-b901-40c9-bb05-dc1b6154a8d2" xlink:type="arc" preferredLabel="http://www.xbrl.org/2003/role/terseLabel"/>
    <link:loc xlink:type="locator" xlink:label="loc_ifrs-full_EquityMember_de475959-a911-44c6-b20a-6114abdcb53e" xlink:href="http://xbrl.ifrs.org/taxonomy/2019-03-27/full_ifrs/full_ifrs-cor_2019-03-27.xsd#ifrs-full_EquityMember"/>
    <link:presentationArc order="1" xlink:arcrole="http://www.xbrl.org/2003/arcrole/parent-child" xlink:from="loc_ifrs-full_ComponentsOfEquityAxis_ad37bed4-b901-40c9-bb05-dc1b6154a8d2" xlink:to="loc_ifrs-full_EquityMember_de475959-a911-44c6-b20a-6114abdcb53e" xlink:type="arc" preferredLabel="http://www.xbrl.org/2003/role/terseLabel"/>
    <link:loc xlink:type="locator" xlink:label="loc_ifrs-full_IssuedCapitalMember_e6e893d4-5117-4e80-9104-ab9a3f848c54" xlink:href="http://xbrl.ifrs.org/taxonomy/2019-03-27/full_ifrs/full_ifrs-cor_2019-03-27.xsd#ifrs-full_IssuedCapitalMember"/>
    <link:presentationArc order="1" xlink:arcrole="http://www.xbrl.org/2003/arcrole/parent-child" xlink:from="loc_ifrs-full_EquityMember_de475959-a911-44c6-b20a-6114abdcb53e" xlink:to="loc_ifrs-full_IssuedCapitalMember_e6e893d4-5117-4e80-9104-ab9a3f848c54" xlink:type="arc" preferredLabel="http://www.xbrl.org/2003/role/terseLabel"/>
    <link:loc xlink:type="locator" xlink:label="loc_ifrs-full_OtherReservesMember_3af10a49-10c2-43d3-a945-74bd0395df46" xlink:href="http://xbrl.ifrs.org/taxonomy/2019-03-27/full_ifrs/full_ifrs-cor_2019-03-27.xsd#ifrs-full_OtherReservesMember"/>
    <link:presentationArc order="2" xlink:arcrole="http://www.xbrl.org/2003/arcrole/parent-child" xlink:from="loc_ifrs-full_EquityMember_de475959-a911-44c6-b20a-6114abdcb53e" xlink:to="loc_ifrs-full_OtherReservesMember_3af10a49-10c2-43d3-a945-74bd0395df46" xlink:type="arc" preferredLabel="http://www.xbrl.org/2003/role/terseLabel"/>
    <link:loc xlink:type="locator" xlink:label="loc_ifrs-full_RetainedEarningsMember_c9bf941b-1432-420f-a55e-de8f06a432f2" xlink:href="http://xbrl.ifrs.org/taxonomy/2019-03-27/full_ifrs/full_ifrs-cor_2019-03-27.xsd#ifrs-full_RetainedEarningsMember"/>
    <link:presentationArc order="3" xlink:arcrole="http://www.xbrl.org/2003/arcrole/parent-child" xlink:from="loc_ifrs-full_EquityMember_de475959-a911-44c6-b20a-6114abdcb53e" xlink:to="loc_ifrs-full_RetainedEarningsMember_c9bf941b-1432-420f-a55e-de8f06a432f2" xlink:type="arc" preferredLabel="http://www.xbrl.org/2003/role/terseLabel"/>
    <link:loc xlink:type="locator" xlink:label="loc_ifrs-full_StatementOfChangesInEquityLineItems_ac51b8c1-4958-4d2f-bddc-edc34a6b45de" xlink:href="http://xbrl.ifrs.org/taxonomy/2019-03-27/full_ifrs/full_ifrs-cor_2019-03-27.xsd#ifrs-full_StatementOfChangesInEquityLineItems"/>
    <link:presentationArc order="2" xlink:arcrole="http://www.xbrl.org/2003/arcrole/parent-child" xlink:from="loc_ifrs-full_StatementOfChangesInEquityTable_c0582fb5-796f-4b66-8271-0c208a474c2e" xlink:to="loc_ifrs-full_StatementOfChangesInEquityLineItems_ac51b8c1-4958-4d2f-bddc-edc34a6b45de" xlink:type="arc" preferredLabel="http://www.xbrl.org/2003/role/terseLabel"/>
    <link:loc xlink:type="locator" xlink:label="loc_ifrs-full_Equity_85ed0212-837f-45a6-b851-cf8379e15a79" xlink:href="http://xbrl.ifrs.org/taxonomy/2019-03-27/full_ifrs/full_ifrs-cor_2019-03-27.xsd#ifrs-full_Equity"/>
    <link:presentationArc order="1" xlink:arcrole="http://www.xbrl.org/2003/arcrole/parent-child" xlink:from="loc_ifrs-full_StatementOfChangesInEquityLineItems_ac51b8c1-4958-4d2f-bddc-edc34a6b45de" xlink:to="loc_ifrs-full_Equity_85ed0212-837f-45a6-b851-cf8379e15a79" xlink:type="arc" preferredLabel="http://www.xbrl.org/2003/role/periodStartLabel"/>
    <link:loc xlink:type="locator" xlink:label="loc_ifrs-full_ProfitLoss_fc4cb695-faa7-47f2-a492-825afe99c925" xlink:href="http://xbrl.ifrs.org/taxonomy/2019-03-27/full_ifrs/full_ifrs-cor_2019-03-27.xsd#ifrs-full_ProfitLoss"/>
    <link:presentationArc order="2" xlink:arcrole="http://www.xbrl.org/2003/arcrole/parent-child" xlink:from="loc_ifrs-full_StatementOfChangesInEquityLineItems_ac51b8c1-4958-4d2f-bddc-edc34a6b45de" xlink:to="loc_ifrs-full_ProfitLoss_fc4cb695-faa7-47f2-a492-825afe99c925" xlink:type="arc" preferredLabel="http://www.xbrl.org/2003/role/terseLabel"/>
    <link:loc xlink:type="locator" xlink:label="loc_ifrs-full_OtherComprehensiveIncome_2a8f55d5-bcc3-4450-b158-22a58187c4e9" xlink:href="http://xbrl.ifrs.org/taxonomy/2019-03-27/full_ifrs/full_ifrs-cor_2019-03-27.xsd#ifrs-full_OtherComprehensiveIncome"/>
    <link:presentationArc order="3" xlink:arcrole="http://www.xbrl.org/2003/arcrole/parent-child" xlink:from="loc_ifrs-full_StatementOfChangesInEquityLineItems_ac51b8c1-4958-4d2f-bddc-edc34a6b45de" xlink:to="loc_ifrs-full_OtherComprehensiveIncome_2a8f55d5-bcc3-4450-b158-22a58187c4e9" xlink:type="arc" preferredLabel="http://www.xbrl.org/2003/role/terseLabel"/>
    <link:loc xlink:type="locator" xlink:label="loc_ifrs-full_ComprehensiveIncome_923d970d-4016-4730-86bd-fcb094354a37" xlink:href="http://xbrl.ifrs.org/taxonomy/2019-03-27/full_ifrs/full_ifrs-cor_2019-03-27.xsd#ifrs-full_ComprehensiveIncome"/>
    <link:presentationArc order="4" xlink:arcrole="http://www.xbrl.org/2003/arcrole/parent-child" xlink:from="loc_ifrs-full_StatementOfChangesInEquityLineItems_ac51b8c1-4958-4d2f-bddc-edc34a6b45de" xlink:to="loc_ifrs-full_ComprehensiveIncome_923d970d-4016-4730-86bd-fcb094354a37" xlink:type="arc" preferredLabel="http://www.xbrl.org/2003/role/terseLabel"/>
    <link:loc xlink:type="locator" xlink:label="loc_ifrs-full_Equity_0b717942-46b4-4c04-b995-aecf063aa1e9" xlink:href="http://xbrl.ifrs.org/taxonomy/2019-03-27/full_ifrs/full_ifrs-cor_2019-03-27.xsd#ifrs-full_Equity"/>
    <link:presentationArc order="5" xlink:arcrole="http://www.xbrl.org/2003/arcrole/parent-child" xlink:from="loc_ifrs-full_StatementOfChangesInEquityLineItems_ac51b8c1-4958-4d2f-bddc-edc34a6b45de" xlink:to="loc_ifrs-full_Equity_0b717942-46b4-4c04-b995-aecf063aa1e9" xlink:type="arc" preferredLabel="http://www.xbrl.org/2003/role/periodEndLabel"/>
  </link:presentationLink>
  <link:roleRef roleURI="http://www.gleif.org/role/TagsthatmustbeappliedifcorrespondinginformationispresentinareportStatement" xlink:type="simple" xlink:href="gleif-2020-12-31.xsd#TagsthatmustbeappliedifcorrespondinginformationispresentinareportStatement"/>
  <link:presentationLink xlink:role="http://www.gleif.org/role/TagsthatmustbeappliedifcorrespondinginformationispresentinareportStatement" xlink:type="extended">
    <link:loc xlink:type="locator" xlink:label="loc_esef_cor_NotesAccountingPoliciesAndMandatoryTags_031229c2-e4c2-4a0b-ad9f-f9e6203bedc4" xlink:href="http://www.esma.europa.eu/taxonomy/2019-03-27/esef_cor.xsd#esef_cor_NotesAccountingPoliciesAndMandatoryTags"/>
  </link:presentationLink>
  <link:roleRef roleURI="http://www.gleif.org/role/Tagsthatmustbeappliedifcorrespondinginformationispresentinareport" xlink:type="simple" xlink:href="gleif-2020-12-31.xsd#Tagsthatmustbeappliedifcorrespondinginformationispresentinareport"/>
  <link:presentationLink xlink:role="http://www.gleif.org/role/Tagsthatmustbeappliedifcorrespondinginformationispresentinareport" xlink:type="extended">
    <link:loc xlink:type="locator" xlink:label="loc_esef_cor_NotesAccountingPoliciesAndMandatoryTags_4a3106bc-d90f-43f8-86a3-6c0774757c95" xlink:href="http://www.esma.europa.eu/taxonomy/2019-03-27/esef_cor.xsd#esef_cor_NotesAccountingPoliciesAndMandatoryTags"/>
  </link:presentationLink>
  <link:roleRef roleURI="http://www.gleif.org/role/TagsthatmustbeappliedifcorrespondinginformationispresentinareportPolicies" xlink:type="simple" xlink:href="gleif-2020-12-31.xsd#TagsthatmustbeappliedifcorrespondinginformationispresentinareportPolicies"/>
  <link:presentationLink xlink:role="http://www.gleif.org/role/TagsthatmustbeappliedifcorrespondinginformationispresentinareportPolicies" xlink:type="extended">
    <link:loc xlink:type="locator" xlink:label="loc_esef_cor_NotesAccountingPoliciesAndMandatoryTags_71eab506-85ad-4f2c-8f7d-64e00f8f7304" xlink:href="http://www.esma.europa.eu/taxonomy/2019-03-27/esef_cor.xsd#esef_cor_NotesAccountingPoliciesAndMandatoryTags"/>
  </link:presentationLink>
  <link:roleRef roleURI="http://www.gleif.org/role/TagsthatmustbeappliedifcorrespondinginformationispresentinareportTables" xlink:type="simple" xlink:href="gleif-2020-12-31.xsd#TagsthatmustbeappliedifcorrespondinginformationispresentinareportTables"/>
  <link:presentationLink xlink:role="http://www.gleif.org/role/TagsthatmustbeappliedifcorrespondinginformationispresentinareportTables" xlink:type="extended">
    <link:loc xlink:type="locator" xlink:label="loc_esef_cor_NotesAccountingPoliciesAndMandatoryTags_c2990007-7bfc-4f6a-8e85-2237f7217f3a" xlink:href="http://www.esma.europa.eu/taxonomy/2019-03-27/esef_cor.xsd#esef_cor_NotesAccountingPoliciesAndMandatoryTags"/>
  </link:presentationLink>
  <link:roleRef roleURI="http://www.gleif.org/role/TagsthatmustbeappliedifcorrespondinginformationispresentinareportDetails" xlink:type="simple" xlink:href="gleif-2020-12-31.xsd#TagsthatmustbeappliedifcorrespondinginformationispresentinareportDetails"/>
  <link:presentationLink xlink:role="http://www.gleif.org/role/TagsthatmustbeappliedifcorrespondinginformationispresentinareportDetails" xlink:type="extended">
    <link:loc xlink:type="locator" xlink:label="loc_esef_cor_NotesAccountingPoliciesAndMandatoryTags_030a158e-ebe2-4bed-bd03-c6180435d339" xlink:href="http://www.esma.europa.eu/taxonomy/2019-03-27/esef_cor.xsd#esef_cor_NotesAccountingPoliciesAndMandatoryTags"/>
    <link:loc xlink:type="locator" xlink:label="loc_ifrs-full_TradeAndOtherCurrentPayablesToTradeSuppliers_46498d6e-985f-4927-ae6b-0d9f1a34d6b0" xlink:href="http://xbrl.ifrs.org/taxonomy/2019-03-27/full_ifrs/full_ifrs-cor_2019-03-27.xsd#ifrs-full_TradeAndOtherCurrentPayablesToTradeSuppliers"/>
    <link:presentationArc order="1" xlink:arcrole="http://www.xbrl.org/2003/arcrole/parent-child" xlink:from="loc_esef_cor_NotesAccountingPoliciesAndMandatoryTags_030a158e-ebe2-4bed-bd03-c6180435d339" xlink:to="loc_ifrs-full_TradeAndOtherCurrentPayablesToTradeSuppliers_46498d6e-985f-4927-ae6b-0d9f1a34d6b0" xlink:type="arc" preferredLabel="http://www.xbrl.org/2003/role/label"/>
    <link:loc xlink:type="locator" xlink:label="loc_gleif_LiabilitiesDueToBoardDirectors_1bf6e993-9f52-4fb7-b5c2-6ebfe82fb989" xlink:href="gleif-2020-12-31.xsd#gleif_LiabilitiesDueToBoardDirectors"/>
    <link:presentationArc order="2" xlink:arcrole="http://www.xbrl.org/2003/arcrole/parent-child" xlink:from="loc_esef_cor_NotesAccountingPoliciesAndMandatoryTags_030a158e-ebe2-4bed-bd03-c6180435d339" xlink:to="loc_gleif_LiabilitiesDueToBoardDirectors_1bf6e993-9f52-4fb7-b5c2-6ebfe82fb989" xlink:type="arc" preferredLabel="http://www.xbrl.org/2003/role/label"/>
    <link:loc xlink:type="locator" xlink:label="loc_ifrs-full_OtherCurrentFinancialLiabilities_1a90514a-5912-4279-afd9-d38409d60673" xlink:href="http://xbrl.ifrs.org/taxonomy/2019-03-27/full_ifrs/full_ifrs-cor_2019-03-27.xsd#ifrs-full_OtherCurrentFinancialLiabilities"/>
    <link:presentationArc order="3" xlink:arcrole="http://www.xbrl.org/2003/arcrole/parent-child" xlink:from="loc_esef_cor_NotesAccountingPoliciesAndMandatoryTags_030a158e-ebe2-4bed-bd03-c6180435d339" xlink:to="loc_ifrs-full_OtherCurrentFinancialLiabilities_1a90514a-5912-4279-afd9-d38409d60673" xlink:type="arc" preferredLabel="http://www.xbrl.org/2003/role/label"/>
    <link:loc xlink:type="locator" xlink:label="loc_ifrs-full_OtherCurrentPayables_00dda1b5-b2c5-47cf-b2fc-567c8430fa83" xlink:href="http://xbrl.ifrs.org/taxonomy/2019-03-27/full_ifrs/full_ifrs-cor_2019-03-27.xsd#ifrs-full_OtherCurrentPayables"/>
    <link:presentationArc order="4" xlink:arcrole="http://www.xbrl.org/2003/arcrole/parent-child" xlink:from="loc_esef_cor_NotesAccountingPoliciesAndMandatoryTags_030a158e-ebe2-4bed-bd03-c6180435d339" xlink:to="loc_ifrs-full_OtherCurrentPayables_00dda1b5-b2c5-47cf-b2fc-567c8430fa83" xlink:type="arc" preferredLabel="http://www.xbrl.org/2003/role/label"/>
    <link:loc xlink:type="locator" xlink:label="loc_ifrs-full_CurrentGovernmentGrants_f4bd1af3-7bfe-43cf-96e5-caadf17a2ce3" xlink:href="http://xbrl.ifrs.org/taxonomy/2019-03-27/full_ifrs/full_ifrs-cor_2019-03-27.xsd#ifrs-full_CurrentGovernmentGrants"/>
    <link:presentationArc order="5" xlink:arcrole="http://www.xbrl.org/2003/arcrole/parent-child" xlink:from="loc_esef_cor_NotesAccountingPoliciesAndMandatoryTags_030a158e-ebe2-4bed-bd03-c6180435d339" xlink:to="loc_ifrs-full_CurrentGovernmentGrants_f4bd1af3-7bfe-43cf-96e5-caadf17a2ce3" xlink:type="arc" preferredLabel="http://www.xbrl.org/2003/role/label"/>
    <link:loc xlink:type="locator" xlink:label="loc_ifrs-full_CurrentLiabilities_9f7f15ad-f609-4006-a94e-ac50108066ca" xlink:href="http://xbrl.ifrs.org/taxonomy/2019-03-27/full_ifrs/full_ifrs-cor_2019-03-27.xsd#ifrs-full_CurrentLiabilities"/>
    <link:presentationArc order="6" xlink:arcrole="http://www.xbrl.org/2003/arcrole/parent-child" xlink:from="loc_esef_cor_NotesAccountingPoliciesAndMandatoryTags_030a158e-ebe2-4bed-bd03-c6180435d339" xlink:to="loc_ifrs-full_CurrentLiabilities_9f7f15ad-f609-4006-a94e-ac50108066ca" xlink:type="arc" preferredLabel="http://www.xbrl.org/2003/role/label"/>
    <link:loc xlink:type="locator" xlink:label="loc_ifrs-full_NoncurrentRecognisedLiabilitiesDefinedBenefitPlan_26e6570f-ed8f-40d0-a82c-f67d7a35aa1f" xlink:href="http://xbrl.ifrs.org/taxonomy/2019-03-27/full_ifrs/full_ifrs-cor_2019-03-27.xsd#ifrs-full_NoncurrentRecognisedLiabilitiesDefinedBenefitPlan"/>
    <link:presentationArc order="7" xlink:arcrole="http://www.xbrl.org/2003/arcrole/parent-child" xlink:from="loc_esef_cor_NotesAccountingPoliciesAndMandatoryTags_030a158e-ebe2-4bed-bd03-c6180435d339" xlink:to="loc_ifrs-full_NoncurrentRecognisedLiabilitiesDefinedBenefitPlan_26e6570f-ed8f-40d0-a82c-f67d7a35aa1f" xlink:type="arc" preferredLabel="http://www.xbrl.org/2003/role/label"/>
    <link:loc xlink:type="locator" xlink:label="loc_ifrs-full_OtherNoncurrentFinancialLiabilities_a49c98f5-7a56-49c9-8073-4175d92512d8" xlink:href="http://xbrl.ifrs.org/taxonomy/2019-03-27/full_ifrs/full_ifrs-cor_2019-03-27.xsd#ifrs-full_OtherNoncurrentFinancialLiabilities"/>
    <link:presentationArc order="8" xlink:arcrole="http://www.xbrl.org/2003/arcrole/parent-child" xlink:from="loc_esef_cor_NotesAccountingPoliciesAndMandatoryTags_030a158e-ebe2-4bed-bd03-c6180435d339" xlink:to="loc_ifrs-full_OtherNoncurrentFinancialLiabilities_a49c98f5-7a56-49c9-8073-4175d92512d8" xlink:type="arc" preferredLabel="http://www.xbrl.org/2003/role/label"/>
    <link:loc xlink:type="locator" xlink:label="loc_ifrs-full_NoncurrentGovernmentGrants_81f9baba-91bb-48ea-bcd6-f71ccd9d474c" xlink:href="http://xbrl.ifrs.org/taxonomy/2019-03-27/full_ifrs/full_ifrs-cor_2019-03-27.xsd#ifrs-full_NoncurrentGovernmentGrants"/>
    <link:presentationArc order="9" xlink:arcrole="http://www.xbrl.org/2003/arcrole/parent-child" xlink:from="loc_esef_cor_NotesAccountingPoliciesAndMandatoryTags_030a158e-ebe2-4bed-bd03-c6180435d339" xlink:to="loc_ifrs-full_NoncurrentGovernmentGrants_81f9baba-91bb-48ea-bcd6-f71ccd9d474c" xlink:type="arc" preferredLabel="http://www.xbrl.org/2003/role/label"/>
    <link:loc xlink:type="locator" xlink:label="loc_ifrs-full_NoncurrentLiabilities_fbc42165-acfc-44b1-bd61-11ac46cac70f" xlink:href="http://xbrl.ifrs.org/taxonomy/2019-03-27/full_ifrs/full_ifrs-cor_2019-03-27.xsd#ifrs-full_NoncurrentLiabilities"/>
    <link:presentationArc order="10" xlink:arcrole="http://www.xbrl.org/2003/arcrole/parent-child" xlink:from="loc_esef_cor_NotesAccountingPoliciesAndMandatoryTags_030a158e-ebe2-4bed-bd03-c6180435d339" xlink:to="loc_ifrs-full_NoncurrentLiabilities_fbc42165-acfc-44b1-bd61-11ac46cac70f" xlink:type="arc" preferredLabel="http://www.xbrl.org/2003/role/label"/>
    <link:loc xlink:type="locator" xlink:label="loc_ifrs-full_IssuedCapital_ab128c36-4a92-45dc-82af-6dbb974b2516" xlink:href="http://xbrl.ifrs.org/taxonomy/2019-03-27/full_ifrs/full_ifrs-cor_2019-03-27.xsd#ifrs-full_IssuedCapital"/>
    <link:presentationArc order="11" xlink:arcrole="http://www.xbrl.org/2003/arcrole/parent-child" xlink:from="loc_esef_cor_NotesAccountingPoliciesAndMandatoryTags_030a158e-ebe2-4bed-bd03-c6180435d339" xlink:to="loc_ifrs-full_IssuedCapital_ab128c36-4a92-45dc-82af-6dbb974b2516" xlink:type="arc" preferredLabel="http://www.xbrl.org/2003/role/label"/>
    <link:loc xlink:type="locator" xlink:label="loc_ifrs-full_OtherReserves_b0654d57-bf4a-428b-be10-6cda50e6c56a" xlink:href="http://xbrl.ifrs.org/taxonomy/2019-03-27/full_ifrs/full_ifrs-cor_2019-03-27.xsd#ifrs-full_OtherReserves"/>
    <link:presentationArc order="12" xlink:arcrole="http://www.xbrl.org/2003/arcrole/parent-child" xlink:from="loc_esef_cor_NotesAccountingPoliciesAndMandatoryTags_030a158e-ebe2-4bed-bd03-c6180435d339" xlink:to="loc_ifrs-full_OtherReserves_b0654d57-bf4a-428b-be10-6cda50e6c56a" xlink:type="arc" preferredLabel="http://www.xbrl.org/2003/role/label"/>
    <link:loc xlink:type="locator" xlink:label="loc_ifrs-full_RetainedEarnings_77e917ce-28db-4e00-8696-b151d28df581" xlink:href="http://xbrl.ifrs.org/taxonomy/2019-03-27/full_ifrs/full_ifrs-cor_2019-03-27.xsd#ifrs-full_RetainedEarnings"/>
    <link:presentationArc order="13" xlink:arcrole="http://www.xbrl.org/2003/arcrole/parent-child" xlink:from="loc_esef_cor_NotesAccountingPoliciesAndMandatoryTags_030a158e-ebe2-4bed-bd03-c6180435d339" xlink:to="loc_ifrs-full_RetainedEarnings_77e917ce-28db-4e00-8696-b151d28df581" xlink:type="arc" preferredLabel="http://www.xbrl.org/2003/role/label"/>
    <link:loc xlink:type="locator" xlink:label="loc_ifrs-full_Equity_a5c344c4-fb39-48de-9268-5d210602b641" xlink:href="http://xbrl.ifrs.org/taxonomy/2019-03-27/full_ifrs/full_ifrs-cor_2019-03-27.xsd#ifrs-full_Equity"/>
    <link:presentationArc order="14" xlink:arcrole="http://www.xbrl.org/2003/arcrole/parent-child" xlink:from="loc_esef_cor_NotesAccountingPoliciesAndMandatoryTags_030a158e-ebe2-4bed-bd03-c6180435d339" xlink:to="loc_ifrs-full_Equity_a5c344c4-fb39-48de-9268-5d210602b641" xlink:type="arc" preferredLabel="http://www.xbrl.org/2003/role/label"/>
    <link:loc xlink:type="locator" xlink:label="loc_ifrs-full_EquityAndLiabilities_baedcd9a-4f70-47a0-a5a7-862f7c5bf6d1" xlink:href="http://xbrl.ifrs.org/taxonomy/2019-03-27/full_ifrs/full_ifrs-cor_2019-03-27.xsd#ifrs-full_EquityAndLiabilities"/>
    <link:presentationArc order="15" xlink:arcrole="http://www.xbrl.org/2003/arcrole/parent-child" xlink:from="loc_esef_cor_NotesAccountingPoliciesAndMandatoryTags_030a158e-ebe2-4bed-bd03-c6180435d339" xlink:to="loc_ifrs-full_EquityAndLiabilities_baedcd9a-4f70-47a0-a5a7-862f7c5bf6d1" xlink:type="arc" preferredLabel="http://www.xbrl.org/2003/role/label"/>
  </link:presentationLink>
  <link:roleRef roleURI="http://www.gleif.org/role/TagsthatmustbeappliedifcorrespondinginformationispresentinareportStatement_1" xlink:type="simple" xlink:href="gleif-2020-12-31.xsd#TagsthatmustbeappliedifcorrespondinginformationispresentinareportStatement_1"/>
  <link:presentationLink xlink:role="http://www.gleif.org/role/TagsthatmustbeappliedifcorrespondinginformationispresentinareportStatement_1" xlink:type="extended">
    <link:loc xlink:type="locator" xlink:label="loc_esef_cor_NotesAccountingPoliciesAndMandatoryTags_41a1fd06-d178-4afb-a794-58d128046bcf" xlink:href="http://www.esma.europa.eu/taxonomy/2019-03-27/esef_cor.xsd#esef_cor_NotesAccountingPoliciesAndMandatoryTags"/>
    <link:loc xlink:type="locator" xlink:label="loc_ifrs-full_NameOfReportingEntityOrOtherMeansOfIdentification_3be806cb-faec-4ca7-8736-02dcf698f6de" xlink:href="http://xbrl.ifrs.org/taxonomy/2019-03-27/full_ifrs/full_ifrs-cor_2019-03-27.xsd#ifrs-full_NameOfReportingEntityOrOtherMeansOfIdentification"/>
    <link:presentationArc order="1" xlink:arcrole="http://www.xbrl.org/2003/arcrole/parent-child" xlink:from="loc_esef_cor_NotesAccountingPoliciesAndMandatoryTags_41a1fd06-d178-4afb-a794-58d128046bcf" xlink:to="loc_ifrs-full_NameOfReportingEntityOrOtherMeansOfIdentification_3be806cb-faec-4ca7-8736-02dcf698f6de" xlink:type="arc" preferredLabel="http://www.xbrl.org/2003/role/terseLabel"/>
    <link:loc xlink:type="locator" xlink:label="loc_ifrs-full_CountryOfIncorporation_0559e9fe-dd2e-4aba-a7f9-008522e48f62" xlink:href="http://xbrl.ifrs.org/taxonomy/2019-03-27/full_ifrs/full_ifrs-cor_2019-03-27.xsd#ifrs-full_CountryOfIncorporation"/>
    <link:presentationArc order="2" xlink:arcrole="http://www.xbrl.org/2003/arcrole/parent-child" xlink:from="loc_esef_cor_NotesAccountingPoliciesAndMandatoryTags_41a1fd06-d178-4afb-a794-58d128046bcf" xlink:to="loc_ifrs-full_CountryOfIncorporation_0559e9fe-dd2e-4aba-a7f9-008522e48f62" xlink:type="arc" preferredLabel="http://www.xbrl.org/2003/role/terseLabel"/>
    <link:loc xlink:type="locator" xlink:label="loc_ifrs-full_PrincipalPlaceOfBusiness_9e896bcc-1d08-4278-a3cc-5ed7f4114c40" xlink:href="http://xbrl.ifrs.org/taxonomy/2019-03-27/full_ifrs/full_ifrs-cor_2019-03-27.xsd#ifrs-full_PrincipalPlaceOfBusiness"/>
    <link:presentationArc order="3" xlink:arcrole="http://www.xbrl.org/2003/arcrole/parent-child" xlink:from="loc_esef_cor_NotesAccountingPoliciesAndMandatoryTags_41a1fd06-d178-4afb-a794-58d128046bcf" xlink:to="loc_ifrs-full_PrincipalPlaceOfBusiness_9e896bcc-1d08-4278-a3cc-5ed7f4114c40" xlink:type="arc" preferredLabel="http://www.xbrl.org/2003/role/terseLabel"/>
    <link:loc xlink:type="locator" xlink:label="loc_ifrs-full_LegalFormOfEntity_4cb18cd0-9c37-4eda-98b0-4f20803eebe1" xlink:href="http://xbrl.ifrs.org/taxonomy/2019-03-27/full_ifrs/full_ifrs-cor_2019-03-27.xsd#ifrs-full_LegalFormOfEntity"/>
    <link:presentationArc order="4" xlink:arcrole="http://www.xbrl.org/2003/arcrole/parent-child" xlink:from="loc_esef_cor_NotesAccountingPoliciesAndMandatoryTags_41a1fd06-d178-4afb-a794-58d128046bcf" xlink:to="loc_ifrs-full_LegalFormOfEntity_4cb18cd0-9c37-4eda-98b0-4f20803eebe1" xlink:type="arc" preferredLabel="http://www.xbrl.org/2003/role/terseLabel"/>
    <link:loc xlink:type="locator" xlink:label="loc_ifrs-full_DomicileOfEntity_91dfa4b2-a55d-4c4c-96ca-a4d442a8b411" xlink:href="http://xbrl.ifrs.org/taxonomy/2019-03-27/full_ifrs/full_ifrs-cor_2019-03-27.xsd#ifrs-full_DomicileOfEntity"/>
    <link:presentationArc order="5" xlink:arcrole="http://www.xbrl.org/2003/arcrole/parent-child" xlink:from="loc_esef_cor_NotesAccountingPoliciesAndMandatoryTags_41a1fd06-d178-4afb-a794-58d128046bcf" xlink:to="loc_ifrs-full_DomicileOfEntity_91dfa4b2-a55d-4c4c-96ca-a4d442a8b411" xlink:type="arc" preferredLabel="http://www.xbrl.org/2003/role/terseLabel"/>
    <link:loc xlink:type="locator" xlink:label="loc_ifrs-full_AddressOfRegisteredOfficeOfEntity_7f1bc34c-d47a-4cfd-90c8-8c4625daa376" xlink:href="http://xbrl.ifrs.org/taxonomy/2019-03-27/full_ifrs/full_ifrs-cor_2019-03-27.xsd#ifrs-full_AddressOfRegisteredOfficeOfEntity"/>
    <link:presentationArc order="6" xlink:arcrole="http://www.xbrl.org/2003/arcrole/parent-child" xlink:from="loc_esef_cor_NotesAccountingPoliciesAndMandatoryTags_41a1fd06-d178-4afb-a794-58d128046bcf" xlink:to="loc_ifrs-full_AddressOfRegisteredOfficeOfEntity_7f1bc34c-d47a-4cfd-90c8-8c4625daa376" xlink:type="arc" preferredLabel="http://www.xbrl.org/2003/role/terseLabel"/>
    <link:loc xlink:type="locator" xlink:label="loc_ifrs-full_DescriptionOfNatureOfEntitysOperationsAndPrincipalActivities_0deb023d-9a75-4c44-a3e3-1de5b3039cdd" xlink:href="http://xbrl.ifrs.org/taxonomy/2019-03-27/full_ifrs/full_ifrs-cor_2019-03-27.xsd#ifrs-full_DescriptionOfNatureOfEntitysOperationsAndPrincipalActivities"/>
    <link:presentationArc order="7" xlink:arcrole="http://www.xbrl.org/2003/arcrole/parent-child" xlink:from="loc_esef_cor_NotesAccountingPoliciesAndMandatoryTags_41a1fd06-d178-4afb-a794-58d128046bcf" xlink:to="loc_ifrs-full_DescriptionOfNatureOfEntitysOperationsAndPrincipalActivities_0deb023d-9a75-4c44-a3e3-1de5b3039cdd" xlink:type="arc" preferredLabel="http://www.xbrl.org/2003/role/label"/>
  </link:presentationLink>
</link:linkbase>
