<?xml version="1.0" encoding="UTF-8"?>

<!--XBRL Document Created with Wdesk from Workiva-->
<!--Copyright 2021 Workiva-->
<!--r:5bfd1183-4800-4a6d-bb84-3eb21b4b6a70,g:91fb88fe-0667-447d-bd8c-637080e74f43-->
<link:linkbase xmlns:link="http://www.xbrl.org/2003/linkbase" xmlns:xlink="http://www.w3.org/1999/xlink" xmlns:xsi="http://www.w3.org/2001/XMLSchema-instance" xsi:schemaLocation="http://www.xbrl.org/2003/linkbase http://www.xbrl.org/2003/xbrl-linkbase-2003-12-31.xsd">
  <link:roleRef roleURI="http://www.xbrl.org/2009/role/negatedPeriodStartLabel" xlink:type="simple" xlink:href="http://www.xbrl.org/lrr/role/negated-2009-12-16.xsd#negatedPeriodStartLabel"/>
  <link:roleRef roleURI="http://www.xbrl.org/2009/role/netLabel" xlink:type="simple" xlink:href="http://www.xbrl.org/lrr/role/net-2009-12-16.xsd#netLabel"/>
  <link:roleRef roleURI="http://www.xbrl.org/2009/role/negatedNetLabel" xlink:type="simple" xlink:href="http://www.xbrl.org/lrr/role/negated-2009-12-16.xsd#negatedNetLabel"/>
  <link:roleRef roleURI="http://www.xbrl.org/2009/role/negatedTerseLabel" xlink:type="simple" xlink:href="http://www.xbrl.org/lrr/role/negated-2009-12-16.xsd#negatedTerseLabel"/>
  <link:roleRef roleURI="http://www.xbrl.org/2009/role/negatedPeriodEndLabel" xlink:type="simple" xlink:href="http://www.xbrl.org/lrr/role/negated-2009-12-16.xsd#negatedPeriodEndLabel"/>
  <link:roleRef roleURI="http://www.xbrl.org/2009/role/negatedLabel" xlink:type="simple" xlink:href="http://www.xbrl.org/lrr/role/negated-2009-12-16.xsd#negatedLabel"/>
  <link:roleRef roleURI="http://www.xbrl.org/2009/role/negatedTotalLabel" xlink:type="simple" xlink:href="http://www.xbrl.org/lrr/role/negated-2009-12-16.xsd#negatedTotalLabel"/>
  <link:labelLink xlink:role="http://www.xbrl.org/2003/role/link" xlink:type="extended">
    <link:label id="lab_ifrs-full_RetainedEarningsMember_e082d903-2301-42f9-8686-f268375cefef_terseLabel_en" xlink:label="lab_ifrs-full_RetainedEarningsMember" xlink:role="http://www.xbrl.org/2003/role/terseLabel" xlink:type="resource" xmlns:xml="http://www.w3.org/XML/1998/namespace" xml:lang="en">Retained earnings [member]</link:label>
    <link:loc xlink:type="locator" xlink:label="loc_ifrs-full_RetainedEarningsMember" xlink:href="http://xbrl.ifrs.org/taxonomy/2019-03-27/full_ifrs/full_ifrs-cor_2019-03-27.xsd#ifrs-full_RetainedEarningsMember"/>
    <link:labelArc xlink:arcrole="http://www.xbrl.org/2003/arcrole/concept-label" xlink:from="loc_ifrs-full_RetainedEarningsMember" xlink:to="lab_ifrs-full_RetainedEarningsMember" xlink:type="arc" order="1"/>
    <link:label id="lab_ifrs-full_EquityAndLiabilitiesAbstract_417cf49c-883d-4bfb-9f30-af4f0df88533_terseLabel_en" xlink:label="lab_ifrs-full_EquityAndLiabilitiesAbstract" xlink:role="http://www.xbrl.org/2003/role/terseLabel" xlink:type="resource" xmlns:xml="http://www.w3.org/XML/1998/namespace" xml:lang="en">Equity and liabilities [abstract]</link:label>
    <link:loc xlink:type="locator" xlink:label="loc_ifrs-full_EquityAndLiabilitiesAbstract" xlink:href="http://xbrl.ifrs.org/taxonomy/2019-03-27/full_ifrs/full_ifrs-cor_2019-03-27.xsd#ifrs-full_EquityAndLiabilitiesAbstract"/>
    <link:labelArc xlink:arcrole="http://www.xbrl.org/2003/arcrole/concept-label" xlink:from="loc_ifrs-full_EquityAndLiabilitiesAbstract" xlink:to="lab_ifrs-full_EquityAndLiabilitiesAbstract" xlink:type="arc" order="1"/>
    <link:label id="lab_ifrs-full_IssuedCapitalMember_f4b29e61-54e9-4d30-add7-fcd494f75f38_terseLabel_en" xlink:label="lab_ifrs-full_IssuedCapitalMember" xlink:role="http://www.xbrl.org/2003/role/terseLabel" xlink:type="resource" xmlns:xml="http://www.w3.org/XML/1998/namespace" xml:lang="en">Issued capital [member]</link:label>
    <link:loc xlink:type="locator" xlink:label="loc_ifrs-full_IssuedCapitalMember" xlink:href="http://xbrl.ifrs.org/taxonomy/2019-03-27/full_ifrs/full_ifrs-cor_2019-03-27.xsd#ifrs-full_IssuedCapitalMember"/>
    <link:labelArc xlink:arcrole="http://www.xbrl.org/2003/arcrole/concept-label" xlink:from="loc_ifrs-full_IssuedCapitalMember" xlink:to="lab_ifrs-full_IssuedCapitalMember" xlink:type="arc" order="1"/>
    <link:label id="lab_ifrs-full_CurrentLiabilitiesAbstract_7bbc0a5b-faeb-4075-be8d-0392c0ae0437_terseLabel_en" xlink:label="lab_ifrs-full_CurrentLiabilitiesAbstract" xlink:role="http://www.xbrl.org/2003/role/terseLabel" xlink:type="resource" xmlns:xml="http://www.w3.org/XML/1998/namespace" xml:lang="en">Current liabilities [abstract]</link:label>
    <link:loc xlink:type="locator" xlink:label="loc_ifrs-full_CurrentLiabilitiesAbstract" xlink:href="http://xbrl.ifrs.org/taxonomy/2019-03-27/full_ifrs/full_ifrs-cor_2019-03-27.xsd#ifrs-full_CurrentLiabilitiesAbstract"/>
    <link:labelArc xlink:arcrole="http://www.xbrl.org/2003/arcrole/concept-label" xlink:from="loc_ifrs-full_CurrentLiabilitiesAbstract" xlink:to="lab_ifrs-full_CurrentLiabilitiesAbstract" xlink:type="arc" order="1"/>
    <link:label id="lab_ifrs-full_OtherReservesMember_b5f746aa-85de-4a12-b356-b9d3f7473d69_terseLabel_en" xlink:label="lab_ifrs-full_OtherReservesMember" xlink:role="http://www.xbrl.org/2003/role/terseLabel" xlink:type="resource" xmlns:xml="http://www.w3.org/XML/1998/namespace" xml:lang="en">Other reserves [member]</link:label>
    <link:loc xlink:type="locator" xlink:label="loc_ifrs-full_OtherReservesMember" xlink:href="http://xbrl.ifrs.org/taxonomy/2019-03-27/full_ifrs/full_ifrs-cor_2019-03-27.xsd#ifrs-full_OtherReservesMember"/>
    <link:labelArc xlink:arcrole="http://www.xbrl.org/2003/arcrole/concept-label" xlink:from="loc_ifrs-full_OtherReservesMember" xlink:to="lab_ifrs-full_OtherReservesMember" xlink:type="arc" order="1"/>
    <link:label id="lab_ifrs-full_CashAndCashEquivalents_324b05f9-6c41-49aa-b870-57973014b533_terseLabel_en" xlink:label="lab_ifrs-full_CashAndCashEquivalents" xlink:role="http://www.xbrl.org/2003/role/terseLabel" xlink:type="resource" xmlns:xml="http://www.w3.org/XML/1998/namespace" xml:lang="en">Cash and cash equivalents</link:label>
    <link:loc xlink:type="locator" xlink:label="loc_ifrs-full_CashAndCashEquivalents" xlink:href="http://xbrl.ifrs.org/taxonomy/2019-03-27/full_ifrs/full_ifrs-cor_2019-03-27.xsd#ifrs-full_CashAndCashEquivalents"/>
    <link:labelArc xlink:arcrole="http://www.xbrl.org/2003/arcrole/concept-label" xlink:from="loc_ifrs-full_CashAndCashEquivalents" xlink:to="lab_ifrs-full_CashAndCashEquivalents" xlink:type="arc" order="1"/>
    <link:label id="lab_ifrs-full_AdjustmentsForLossesGainsOnDisposalOfNoncurrentAssets_06671904-5123-4701-80ca-b2f2a0bc696a_terseLabel_en" xlink:label="lab_ifrs-full_AdjustmentsForLossesGainsOnDisposalOfNoncurrentAssets" xlink:role="http://www.xbrl.org/2003/role/terseLabel" xlink:type="resource" xmlns:xml="http://www.w3.org/XML/1998/namespace" xml:lang="en">Adjustments for losses (gains) on disposal of non-current assets</link:label>
    <link:loc xlink:type="locator" xlink:label="loc_ifrs-full_AdjustmentsForLossesGainsOnDisposalOfNoncurrentAssets" xlink:href="http://xbrl.ifrs.org/taxonomy/2019-03-27/full_ifrs/full_ifrs-cor_2019-03-27.xsd#ifrs-full_AdjustmentsForLossesGainsOnDisposalOfNoncurrentAssets"/>
    <link:labelArc xlink:arcrole="http://www.xbrl.org/2003/arcrole/concept-label" xlink:from="loc_ifrs-full_AdjustmentsForLossesGainsOnDisposalOfNoncurrentAssets" xlink:to="lab_ifrs-full_AdjustmentsForLossesGainsOnDisposalOfNoncurrentAssets" xlink:type="arc" order="1"/>
    <link:label id="lab_ifrs-full_OtherCurrentFinancialLiabilities_e56cccc4-53ee-430e-8070-e472f11f7681_terseLabel_en" xlink:label="lab_ifrs-full_OtherCurrentFinancialLiabilities" xlink:role="http://www.xbrl.org/2003/role/terseLabel" xlink:type="resource" xmlns:xml="http://www.w3.org/XML/1998/namespace" xml:lang="en">Other current financial liabilities</link:label>
    <link:loc xlink:type="locator" xlink:label="loc_ifrs-full_OtherCurrentFinancialLiabilities" xlink:href="http://xbrl.ifrs.org/taxonomy/2019-03-27/full_ifrs/full_ifrs-cor_2019-03-27.xsd#ifrs-full_OtherCurrentFinancialLiabilities"/>
    <link:labelArc xlink:arcrole="http://www.xbrl.org/2003/arcrole/concept-label" xlink:from="loc_ifrs-full_OtherCurrentFinancialLiabilities" xlink:to="lab_ifrs-full_OtherCurrentFinancialLiabilities" xlink:type="arc" order="1"/>
    <link:label id="lab_ifrs-full_PurchaseOfPropertyPlantAndEquipmentIntangibleAssetsOtherThanGoodwillInvestmentPropertyAndOtherNoncurrentAssets_42ebe2ce-ad28-4e42-911d-5ee3c194fecb_terseLabel_en" xlink:label="lab_ifrs-full_PurchaseOfPropertyPlantAndEquipmentIntangibleAssetsOtherThanGoodwillInvestmentPropertyAndOtherNoncurrentAssets" xlink:role="http://www.xbrl.org/2003/role/terseLabel" xlink:type="resource" xmlns:xml="http://www.w3.org/XML/1998/namespace" xml:lang="en">Purchase of property, plant and equipment, intangible assets other than goodwill, investment property and other non-current assets</link:label>
    <link:loc xlink:type="locator" xlink:label="loc_ifrs-full_PurchaseOfPropertyPlantAndEquipmentIntangibleAssetsOtherThanGoodwillInvestmentPropertyAndOtherNoncurrentAssets" xlink:href="http://xbrl.ifrs.org/taxonomy/2019-03-27/full_ifrs/full_ifrs-cor_2019-03-27.xsd#ifrs-full_PurchaseOfPropertyPlantAndEquipmentIntangibleAssetsOtherThanGoodwillInvestmentPropertyAndOtherNoncurrentAssets"/>
    <link:labelArc xlink:arcrole="http://www.xbrl.org/2003/arcrole/concept-label" xlink:from="loc_ifrs-full_PurchaseOfPropertyPlantAndEquipmentIntangibleAssetsOtherThanGoodwillInvestmentPropertyAndOtherNoncurrentAssets" xlink:to="lab_ifrs-full_PurchaseOfPropertyPlantAndEquipmentIntangibleAssetsOtherThanGoodwillInvestmentPropertyAndOtherNoncurrentAssets" xlink:type="arc" order="1"/>
    <link:label id="lab_ifrs-full_ProfitLoss_f8661a97-3a44-499f-a5f9-774a79963853_terseLabel_en" xlink:label="lab_ifrs-full_ProfitLoss" xlink:role="http://www.xbrl.org/2003/role/terseLabel" xlink:type="resource" xmlns:xml="http://www.w3.org/XML/1998/namespace" xml:lang="en">Profit (loss)</link:label>
    <link:loc xlink:type="locator" xlink:label="loc_ifrs-full_ProfitLoss" xlink:href="http://xbrl.ifrs.org/taxonomy/2019-03-27/full_ifrs/full_ifrs-cor_2019-03-27.xsd#ifrs-full_ProfitLoss"/>
    <link:labelArc xlink:arcrole="http://www.xbrl.org/2003/arcrole/concept-label" xlink:from="loc_ifrs-full_ProfitLoss" xlink:to="lab_ifrs-full_ProfitLoss" xlink:type="arc" order="1"/>
    <link:label id="lab_ifrs-full_TradeAndOtherCurrentPayablesToTradeSuppliers_3cf58abc-0f81-4499-accc-70d98fb00d99_terseLabel_en" xlink:label="lab_ifrs-full_TradeAndOtherCurrentPayablesToTradeSuppliers" xlink:role="http://www.xbrl.org/2003/role/terseLabel" xlink:type="resource" xmlns:xml="http://www.w3.org/XML/1998/namespace" xml:lang="en">Current trade payables</link:label>
    <link:loc xlink:type="locator" xlink:label="loc_ifrs-full_TradeAndOtherCurrentPayablesToTradeSuppliers" xlink:href="http://xbrl.ifrs.org/taxonomy/2019-03-27/full_ifrs/full_ifrs-cor_2019-03-27.xsd#ifrs-full_TradeAndOtherCurrentPayablesToTradeSuppliers"/>
    <link:labelArc xlink:arcrole="http://www.xbrl.org/2003/arcrole/concept-label" xlink:from="loc_ifrs-full_TradeAndOtherCurrentPayablesToTradeSuppliers" xlink:to="lab_ifrs-full_TradeAndOtherCurrentPayablesToTradeSuppliers" xlink:type="arc" order="1"/>
    <link:label id="lab_ifrs-full_NoncurrentGovernmentGrants_8ce109e7-7337-4757-9ef6-506fd48856aa_terseLabel_en" xlink:label="lab_ifrs-full_NoncurrentGovernmentGrants" xlink:role="http://www.xbrl.org/2003/role/terseLabel" xlink:type="resource" xmlns:xml="http://www.w3.org/XML/1998/namespace" xml:lang="en">Non-current government grants</link:label>
    <link:loc xlink:type="locator" xlink:label="loc_ifrs-full_NoncurrentGovernmentGrants" xlink:href="http://xbrl.ifrs.org/taxonomy/2019-03-27/full_ifrs/full_ifrs-cor_2019-03-27.xsd#ifrs-full_NoncurrentGovernmentGrants"/>
    <link:labelArc xlink:arcrole="http://www.xbrl.org/2003/arcrole/concept-label" xlink:from="loc_ifrs-full_NoncurrentGovernmentGrants" xlink:to="lab_ifrs-full_NoncurrentGovernmentGrants" xlink:type="arc" order="1"/>
    <link:label id="lab_ifrs-full_EffectOfExchangeRateChangesOnCashAndCashEquivalents_0a1166f5-f742-4e94-a97b-7c11324ac659_terseLabel_en" xlink:label="lab_ifrs-full_EffectOfExchangeRateChangesOnCashAndCashEquivalents" xlink:role="http://www.xbrl.org/2003/role/terseLabel" xlink:type="resource" xmlns:xml="http://www.w3.org/XML/1998/namespace" xml:lang="en">Effect of exchange rate changes on cash and cash equivalents</link:label>
    <link:loc xlink:type="locator" xlink:label="loc_ifrs-full_EffectOfExchangeRateChangesOnCashAndCashEquivalents" xlink:href="http://xbrl.ifrs.org/taxonomy/2019-03-27/full_ifrs/full_ifrs-cor_2019-03-27.xsd#ifrs-full_EffectOfExchangeRateChangesOnCashAndCashEquivalents"/>
    <link:labelArc xlink:arcrole="http://www.xbrl.org/2003/arcrole/concept-label" xlink:from="loc_ifrs-full_EffectOfExchangeRateChangesOnCashAndCashEquivalents" xlink:to="lab_ifrs-full_EffectOfExchangeRateChangesOnCashAndCashEquivalents" xlink:type="arc" order="1"/>
    <link:label id="lab_ifrs-full_OtherAdjustmentsForNoncashItems_20ce9d74-7025-40b8-a7af-6c2bf49bca56_terseLabel_en" xlink:label="lab_ifrs-full_OtherAdjustmentsForNoncashItems" xlink:role="http://www.xbrl.org/2003/role/terseLabel" xlink:type="resource" xmlns:xml="http://www.w3.org/XML/1998/namespace" xml:lang="en">Other adjustments for non-cash items</link:label>
    <link:loc xlink:type="locator" xlink:label="loc_ifrs-full_OtherAdjustmentsForNoncashItems" xlink:href="http://xbrl.ifrs.org/taxonomy/2019-03-27/full_ifrs/full_ifrs-cor_2019-03-27.xsd#ifrs-full_OtherAdjustmentsForNoncashItems"/>
    <link:labelArc xlink:arcrole="http://www.xbrl.org/2003/arcrole/concept-label" xlink:from="loc_ifrs-full_OtherAdjustmentsForNoncashItems" xlink:to="lab_ifrs-full_OtherAdjustmentsForNoncashItems" xlink:type="arc" order="1"/>
    <link:label id="lab_ifrs-full_PaymentsOfLeaseLiabilitiesClassifiedAsFinancingActivities_3952fef0-2ac1-445f-b52f-34581c43ccce_negatedLabel_en" xlink:label="lab_ifrs-full_PaymentsOfLeaseLiabilitiesClassifiedAsFinancingActivities" xlink:role="http://www.xbrl.org/2009/role/negatedLabel" xlink:type="resource" xmlns:xml="http://www.w3.org/XML/1998/namespace" xml:lang="en">Payments of lease liabilities, classified as financing activities</link:label>
    <link:loc xlink:type="locator" xlink:label="loc_ifrs-full_PaymentsOfLeaseLiabilitiesClassifiedAsFinancingActivities" xlink:href="http://xbrl.ifrs.org/taxonomy/2019-03-27/full_ifrs/full_ifrs-cor_2019-03-27.xsd#ifrs-full_PaymentsOfLeaseLiabilitiesClassifiedAsFinancingActivities"/>
    <link:labelArc xlink:arcrole="http://www.xbrl.org/2003/arcrole/concept-label" xlink:from="loc_ifrs-full_PaymentsOfLeaseLiabilitiesClassifiedAsFinancingActivities" xlink:to="lab_ifrs-full_PaymentsOfLeaseLiabilitiesClassifiedAsFinancingActivities" xlink:type="arc" order="1"/>
    <link:label id="lab_ifrs-full_PrincipalPlaceOfBusiness_662efcb5-3398-44e8-b194-937db59b31c1_terseLabel_en" xlink:label="lab_ifrs-full_PrincipalPlaceOfBusiness" xlink:role="http://www.xbrl.org/2003/role/terseLabel" xlink:type="resource" xmlns:xml="http://www.w3.org/XML/1998/namespace" xml:lang="en">Principal place of business</link:label>
    <link:loc xlink:type="locator" xlink:label="loc_ifrs-full_PrincipalPlaceOfBusiness" xlink:href="http://xbrl.ifrs.org/taxonomy/2019-03-27/full_ifrs/full_ifrs-cor_2019-03-27.xsd#ifrs-full_PrincipalPlaceOfBusiness"/>
    <link:labelArc xlink:arcrole="http://www.xbrl.org/2003/arcrole/concept-label" xlink:from="loc_ifrs-full_PrincipalPlaceOfBusiness" xlink:to="lab_ifrs-full_PrincipalPlaceOfBusiness" xlink:type="arc" order="1"/>
    <link:label id="lab_ifrs-full_AdjustmentsForIncreaseDecreaseInTradeAndOtherPayables_b5fe685d-c671-47cb-9288-859f64cb1bd3_terseLabel_en" xlink:label="lab_ifrs-full_AdjustmentsForIncreaseDecreaseInTradeAndOtherPayables" xlink:role="http://www.xbrl.org/2003/role/terseLabel" xlink:type="resource" xmlns:xml="http://www.w3.org/XML/1998/namespace" xml:lang="en">Adjustments for increase (decrease) in trade and other payables</link:label>
    <link:loc xlink:type="locator" xlink:label="loc_ifrs-full_AdjustmentsForIncreaseDecreaseInTradeAndOtherPayables" xlink:href="http://xbrl.ifrs.org/taxonomy/2019-03-27/full_ifrs/full_ifrs-cor_2019-03-27.xsd#ifrs-full_AdjustmentsForIncreaseDecreaseInTradeAndOtherPayables"/>
    <link:labelArc xlink:arcrole="http://www.xbrl.org/2003/arcrole/concept-label" xlink:from="loc_ifrs-full_AdjustmentsForIncreaseDecreaseInTradeAndOtherPayables" xlink:to="lab_ifrs-full_AdjustmentsForIncreaseDecreaseInTradeAndOtherPayables" xlink:type="arc" order="1"/>
    <link:label id="lab_ifrs-full_DepreciationAndAmortisationExpense_d6601bcb-2efe-459a-a9fb-78c623b0b58a_terseLabel_en" xlink:label="lab_ifrs-full_DepreciationAndAmortisationExpense" xlink:role="http://www.xbrl.org/2003/role/terseLabel" xlink:type="resource" xmlns:xml="http://www.w3.org/XML/1998/namespace" xml:lang="en">Depreciation and amortisation expense</link:label>
    <link:loc xlink:type="locator" xlink:label="loc_ifrs-full_DepreciationAndAmortisationExpense" xlink:href="http://xbrl.ifrs.org/taxonomy/2019-03-27/full_ifrs/full_ifrs-cor_2019-03-27.xsd#ifrs-full_DepreciationAndAmortisationExpense"/>
    <link:labelArc xlink:arcrole="http://www.xbrl.org/2003/arcrole/concept-label" xlink:from="loc_ifrs-full_DepreciationAndAmortisationExpense" xlink:to="lab_ifrs-full_DepreciationAndAmortisationExpense" xlink:type="arc" order="1"/>
    <link:label id="lab_ifrs-full_StatementOfChangesInEquityLineItems_d1ca9b4e-7dbb-4fa8-bb59-71408621a0ae_terseLabel_en" xlink:label="lab_ifrs-full_StatementOfChangesInEquityLineItems" xlink:role="http://www.xbrl.org/2003/role/terseLabel" xlink:type="resource" xmlns:xml="http://www.w3.org/XML/1998/namespace" xml:lang="en">Statement of changes in equity [line items]</link:label>
    <link:loc xlink:type="locator" xlink:label="loc_ifrs-full_StatementOfChangesInEquityLineItems" xlink:href="http://xbrl.ifrs.org/taxonomy/2019-03-27/full_ifrs/full_ifrs-cor_2019-03-27.xsd#ifrs-full_StatementOfChangesInEquityLineItems"/>
    <link:labelArc xlink:arcrole="http://www.xbrl.org/2003/arcrole/concept-label" xlink:from="loc_ifrs-full_StatementOfChangesInEquityLineItems" xlink:to="lab_ifrs-full_StatementOfChangesInEquityLineItems" xlink:type="arc" order="1"/>
    <link:label id="lab_ifrs-full_CashFlowsFromUsedInFinancingActivitiesAbstract_fc5b7027-ac34-4f95-961a-7ec8d4e24779_terseLabel_en" xlink:label="lab_ifrs-full_CashFlowsFromUsedInFinancingActivitiesAbstract" xlink:role="http://www.xbrl.org/2003/role/terseLabel" xlink:type="resource" xmlns:xml="http://www.w3.org/XML/1998/namespace" xml:lang="en">Cash flows from (used in) financing activities [abstract]</link:label>
    <link:loc xlink:type="locator" xlink:label="loc_ifrs-full_CashFlowsFromUsedInFinancingActivitiesAbstract" xlink:href="http://xbrl.ifrs.org/taxonomy/2019-03-27/full_ifrs/full_ifrs-cor_2019-03-27.xsd#ifrs-full_CashFlowsFromUsedInFinancingActivitiesAbstract"/>
    <link:labelArc xlink:arcrole="http://www.xbrl.org/2003/arcrole/concept-label" xlink:from="loc_ifrs-full_CashFlowsFromUsedInFinancingActivitiesAbstract" xlink:to="lab_ifrs-full_CashFlowsFromUsedInFinancingActivitiesAbstract" xlink:type="arc" order="1"/>
    <link:label id="lab_ifrs-full_OtherNoncurrentFinancialLiabilities_10c105ce-c891-469f-89c7-940ccd1c1119_terseLabel_en" xlink:label="lab_ifrs-full_OtherNoncurrentFinancialLiabilities" xlink:role="http://www.xbrl.org/2003/role/terseLabel" xlink:type="resource" xmlns:xml="http://www.w3.org/XML/1998/namespace" xml:lang="en">Other non-current financial liabilities</link:label>
    <link:loc xlink:type="locator" xlink:label="loc_ifrs-full_OtherNoncurrentFinancialLiabilities" xlink:href="http://xbrl.ifrs.org/taxonomy/2019-03-27/full_ifrs/full_ifrs-cor_2019-03-27.xsd#ifrs-full_OtherNoncurrentFinancialLiabilities"/>
    <link:labelArc xlink:arcrole="http://www.xbrl.org/2003/arcrole/concept-label" xlink:from="loc_ifrs-full_OtherNoncurrentFinancialLiabilities" xlink:to="lab_ifrs-full_OtherNoncurrentFinancialLiabilities" xlink:type="arc" order="1"/>
    <link:label id="lab_ifrs-full_AssetsAbstract_ee2cc971-87b5-41d9-be79-9456076a0935_terseLabel_en" xlink:label="lab_ifrs-full_AssetsAbstract" xlink:role="http://www.xbrl.org/2003/role/terseLabel" xlink:type="resource" xmlns:xml="http://www.w3.org/XML/1998/namespace" xml:lang="en">Assets [abstract]</link:label>
    <link:loc xlink:type="locator" xlink:label="loc_ifrs-full_AssetsAbstract" xlink:href="http://xbrl.ifrs.org/taxonomy/2019-03-27/full_ifrs/full_ifrs-cor_2019-03-27.xsd#ifrs-full_AssetsAbstract"/>
    <link:labelArc xlink:arcrole="http://www.xbrl.org/2003/arcrole/concept-label" xlink:from="loc_ifrs-full_AssetsAbstract" xlink:to="lab_ifrs-full_AssetsAbstract" xlink:type="arc" order="1"/>
    <link:label id="lab_ifrs-full_OtherCurrentPayables_ef255cd8-3e76-4632-b0a1-39fb865cf4b4_terseLabel_en" xlink:label="lab_ifrs-full_OtherCurrentPayables" xlink:role="http://www.xbrl.org/2003/role/terseLabel" xlink:type="resource" xmlns:xml="http://www.w3.org/XML/1998/namespace" xml:lang="en">Other current payables</link:label>
    <link:loc xlink:type="locator" xlink:label="loc_ifrs-full_OtherCurrentPayables" xlink:href="http://xbrl.ifrs.org/taxonomy/2019-03-27/full_ifrs/full_ifrs-cor_2019-03-27.xsd#ifrs-full_OtherCurrentPayables"/>
    <link:labelArc xlink:arcrole="http://www.xbrl.org/2003/arcrole/concept-label" xlink:from="loc_ifrs-full_OtherCurrentPayables" xlink:to="lab_ifrs-full_OtherCurrentPayables" xlink:type="arc" order="1"/>
    <link:label id="lab_ifrs-full_NoncurrentAssetsAbstract_c2b2eef6-0809-4f5e-bce2-1dbcd2f5d3f7_terseLabel_en" xlink:label="lab_ifrs-full_NoncurrentAssetsAbstract" xlink:role="http://www.xbrl.org/2003/role/terseLabel" xlink:type="resource" xmlns:xml="http://www.w3.org/XML/1998/namespace" xml:lang="en">Non-current assets [abstract]</link:label>
    <link:loc xlink:type="locator" xlink:label="loc_ifrs-full_NoncurrentAssetsAbstract" xlink:href="http://xbrl.ifrs.org/taxonomy/2019-03-27/full_ifrs/full_ifrs-cor_2019-03-27.xsd#ifrs-full_NoncurrentAssetsAbstract"/>
    <link:labelArc xlink:arcrole="http://www.xbrl.org/2003/arcrole/concept-label" xlink:from="loc_ifrs-full_NoncurrentAssetsAbstract" xlink:to="lab_ifrs-full_NoncurrentAssetsAbstract" xlink:type="arc" order="1"/>
    <link:label id="lab_ifrs-full_StatementOfCashFlowsAbstract_53f09e41-58b8-4765-8b7a-93cff6496fe6_terseLabel_en" xlink:label="lab_ifrs-full_StatementOfCashFlowsAbstract" xlink:role="http://www.xbrl.org/2003/role/terseLabel" xlink:type="resource" xmlns:xml="http://www.w3.org/XML/1998/namespace" xml:lang="en">Statement of cash flows placeholder - this item MUST be used as a starting point for the statement of cash flows</link:label>
    <link:loc xlink:type="locator" xlink:label="loc_ifrs-full_StatementOfCashFlowsAbstract" xlink:href="http://xbrl.ifrs.org/taxonomy/2019-03-27/full_ifrs/full_ifrs-cor_2019-03-27.xsd#ifrs-full_StatementOfCashFlowsAbstract"/>
    <link:labelArc xlink:arcrole="http://www.xbrl.org/2003/arcrole/concept-label" xlink:from="loc_ifrs-full_StatementOfCashFlowsAbstract" xlink:to="lab_ifrs-full_StatementOfCashFlowsAbstract" xlink:type="arc" order="1"/>
    <link:label id="lab_ifrs-full_RightofuseAssets_ec7d4afc-c30a-476f-b3dd-4f1294931ace_terseLabel_en" xlink:label="lab_ifrs-full_RightofuseAssets" xlink:role="http://www.xbrl.org/2003/role/terseLabel" xlink:type="resource" xmlns:xml="http://www.w3.org/XML/1998/namespace" xml:lang="en">Right-of-use assets</link:label>
    <link:loc xlink:type="locator" xlink:label="loc_ifrs-full_RightofuseAssets" xlink:href="http://xbrl.ifrs.org/taxonomy/2019-03-27/full_ifrs/full_ifrs-cor_2019-03-27.xsd#ifrs-full_RightofuseAssets"/>
    <link:labelArc xlink:arcrole="http://www.xbrl.org/2003/arcrole/concept-label" xlink:from="loc_ifrs-full_RightofuseAssets" xlink:to="lab_ifrs-full_RightofuseAssets" xlink:type="arc" order="1"/>
    <link:label id="lab_esef_cor_NotesAccountingPoliciesAndMandatoryTags_47af0e21-9a98-42f8-8d7a-f7e41499f90d_terseLabel_en" xlink:label="lab_esef_cor_NotesAccountingPoliciesAndMandatoryTags" xlink:role="http://www.xbrl.org/2003/role/terseLabel" xlink:type="resource" xmlns:xml="http://www.w3.org/XML/1998/namespace" xml:lang="en">Notes, accounting policies and mandatory tags – this item MUST be used as a starting point for markups of disclosures in the notes to the financial statements</link:label>
    <link:loc xlink:type="locator" xlink:label="loc_esef_cor_NotesAccountingPoliciesAndMandatoryTags" xlink:href="http://www.esma.europa.eu/taxonomy/2019-03-27/esef_cor.xsd#esef_cor_NotesAccountingPoliciesAndMandatoryTags"/>
    <link:labelArc xlink:arcrole="http://www.xbrl.org/2003/arcrole/concept-label" xlink:from="loc_esef_cor_NotesAccountingPoliciesAndMandatoryTags" xlink:to="lab_esef_cor_NotesAccountingPoliciesAndMandatoryTags" xlink:type="arc" order="1"/>
    <link:label id="lab_ifrs-full_IntangibleAssetsOtherThanGoodwill_aa8dce75-163a-44c5-bd2b-3cbb8c117075_terseLabel_en" xlink:label="lab_ifrs-full_IntangibleAssetsOtherThanGoodwill" xlink:role="http://www.xbrl.org/2003/role/terseLabel" xlink:type="resource" xmlns:xml="http://www.w3.org/XML/1998/namespace" xml:lang="en">Intangible assets other than goodwill</link:label>
    <link:loc xlink:type="locator" xlink:label="loc_ifrs-full_IntangibleAssetsOtherThanGoodwill" xlink:href="http://xbrl.ifrs.org/taxonomy/2019-03-27/full_ifrs/full_ifrs-cor_2019-03-27.xsd#ifrs-full_IntangibleAssetsOtherThanGoodwill"/>
    <link:labelArc xlink:arcrole="http://www.xbrl.org/2003/arcrole/concept-label" xlink:from="loc_ifrs-full_IntangibleAssetsOtherThanGoodwill" xlink:to="lab_ifrs-full_IntangibleAssetsOtherThanGoodwill" xlink:type="arc" order="1"/>
    <link:label id="lab_ifrs-full_LicenceFeeIncome_0d10a2a5-3e4f-48d9-a37e-1df3ec5de5bb_terseLabel_en" xlink:label="lab_ifrs-full_LicenceFeeIncome" xlink:role="http://www.xbrl.org/2003/role/terseLabel" xlink:type="resource" xmlns:xml="http://www.w3.org/XML/1998/namespace" xml:lang="en">Licence fee income</link:label>
    <link:loc xlink:type="locator" xlink:label="loc_ifrs-full_LicenceFeeIncome" xlink:href="http://xbrl.ifrs.org/taxonomy/2019-03-27/full_ifrs/full_ifrs-cor_2019-03-27.xsd#ifrs-full_LicenceFeeIncome"/>
    <link:labelArc xlink:arcrole="http://www.xbrl.org/2003/arcrole/concept-label" xlink:from="loc_ifrs-full_LicenceFeeIncome" xlink:to="lab_ifrs-full_LicenceFeeIncome" xlink:type="arc" order="1"/>
    <link:label id="lab_ifrs-full_DomicileOfEntity_e4176b14-cd86-4dd1-94df-34db3a86f841_terseLabel_en" xlink:label="lab_ifrs-full_DomicileOfEntity" xlink:role="http://www.xbrl.org/2003/role/terseLabel" xlink:type="resource" xmlns:xml="http://www.w3.org/XML/1998/namespace" xml:lang="en">Domicile of entity</link:label>
    <link:loc xlink:type="locator" xlink:label="loc_ifrs-full_DomicileOfEntity" xlink:href="http://xbrl.ifrs.org/taxonomy/2019-03-27/full_ifrs/full_ifrs-cor_2019-03-27.xsd#ifrs-full_DomicileOfEntity"/>
    <link:labelArc xlink:arcrole="http://www.xbrl.org/2003/arcrole/concept-label" xlink:from="loc_ifrs-full_DomicileOfEntity" xlink:to="lab_ifrs-full_DomicileOfEntity" xlink:type="arc" order="1"/>
    <link:label id="lab_ifrs-full_PurchaseOfFinancialInstrumentsClassifiedAsInvestingActivities_b3dd1882-cef6-4e9d-b21d-f4168ea7d2ee_negatedLabel_en" xlink:label="lab_ifrs-full_PurchaseOfFinancialInstrumentsClassifiedAsInvestingActivities" xlink:role="http://www.xbrl.org/2009/role/negatedLabel" xlink:type="resource" xmlns:xml="http://www.w3.org/XML/1998/namespace" xml:lang="en">Purchase of financial instruments, classified as investing activities</link:label>
    <link:loc xlink:type="locator" xlink:label="loc_ifrs-full_PurchaseOfFinancialInstrumentsClassifiedAsInvestingActivities" xlink:href="http://xbrl.ifrs.org/taxonomy/2019-03-27/full_ifrs/full_ifrs-cor_2019-03-27.xsd#ifrs-full_PurchaseOfFinancialInstrumentsClassifiedAsInvestingActivities"/>
    <link:labelArc xlink:arcrole="http://www.xbrl.org/2003/arcrole/concept-label" xlink:from="loc_ifrs-full_PurchaseOfFinancialInstrumentsClassifiedAsInvestingActivities" xlink:to="lab_ifrs-full_PurchaseOfFinancialInstrumentsClassifiedAsInvestingActivities" xlink:type="arc" order="1"/>
    <link:label id="lab_ifrs-full_CashFlowsFromUsedInFinancingActivities_aa628a64-6ab8-4fd2-ba50-18c2ec6595c8_totalLabel_en" xlink:label="lab_ifrs-full_CashFlowsFromUsedInFinancingActivities" xlink:role="http://www.xbrl.org/2003/role/totalLabel" xlink:type="resource" xmlns:xml="http://www.w3.org/XML/1998/namespace" xml:lang="en">Cash flows from (used in) financing activities</link:label>
    <link:loc xlink:type="locator" xlink:label="loc_ifrs-full_CashFlowsFromUsedInFinancingActivities" xlink:href="http://xbrl.ifrs.org/taxonomy/2019-03-27/full_ifrs/full_ifrs-cor_2019-03-27.xsd#ifrs-full_CashFlowsFromUsedInFinancingActivities"/>
    <link:labelArc xlink:arcrole="http://www.xbrl.org/2003/arcrole/concept-label" xlink:from="loc_ifrs-full_CashFlowsFromUsedInFinancingActivities" xlink:to="lab_ifrs-full_CashFlowsFromUsedInFinancingActivities" xlink:type="arc" order="1"/>
    <link:label id="lab_ifrs-full_IssuedCapital_3c15f0e2-9c82-4174-ab5f-205a8cc5123a_terseLabel_en" xlink:label="lab_ifrs-full_IssuedCapital" xlink:role="http://www.xbrl.org/2003/role/terseLabel" xlink:type="resource" xmlns:xml="http://www.w3.org/XML/1998/namespace" xml:lang="en">Issued capital</link:label>
    <link:loc xlink:type="locator" xlink:label="loc_ifrs-full_IssuedCapital" xlink:href="http://xbrl.ifrs.org/taxonomy/2019-03-27/full_ifrs/full_ifrs-cor_2019-03-27.xsd#ifrs-full_IssuedCapital"/>
    <link:labelArc xlink:arcrole="http://www.xbrl.org/2003/arcrole/concept-label" xlink:from="loc_ifrs-full_IssuedCapital" xlink:to="lab_ifrs-full_IssuedCapital" xlink:type="arc" order="1"/>
    <link:label id="lab_ifrs-full_CurrentTradeReceivables_978a6b72-d006-46f3-b2ce-19ec1eb20030_terseLabel_en" xlink:label="lab_ifrs-full_CurrentTradeReceivables" xlink:role="http://www.xbrl.org/2003/role/terseLabel" xlink:type="resource" xmlns:xml="http://www.w3.org/XML/1998/namespace" xml:lang="en">Current trade receivables</link:label>
    <link:loc xlink:type="locator" xlink:label="loc_ifrs-full_CurrentTradeReceivables" xlink:href="http://xbrl.ifrs.org/taxonomy/2019-03-27/full_ifrs/full_ifrs-cor_2019-03-27.xsd#ifrs-full_CurrentTradeReceivables"/>
    <link:labelArc xlink:arcrole="http://www.xbrl.org/2003/arcrole/concept-label" xlink:from="loc_ifrs-full_CurrentTradeReceivables" xlink:to="lab_ifrs-full_CurrentTradeReceivables" xlink:type="arc" order="1"/>
    <link:label id="lab_ifrs-full_LegalFormOfEntity_3300823b-6bd7-44b2-b49a-1853d176690a_terseLabel_en" xlink:label="lab_ifrs-full_LegalFormOfEntity" xlink:role="http://www.xbrl.org/2003/role/terseLabel" xlink:type="resource" xmlns:xml="http://www.w3.org/XML/1998/namespace" xml:lang="en">Legal form of entity</link:label>
    <link:loc xlink:type="locator" xlink:label="loc_ifrs-full_LegalFormOfEntity" xlink:href="http://xbrl.ifrs.org/taxonomy/2019-03-27/full_ifrs/full_ifrs-cor_2019-03-27.xsd#ifrs-full_LegalFormOfEntity"/>
    <link:labelArc xlink:arcrole="http://www.xbrl.org/2003/arcrole/concept-label" xlink:from="loc_ifrs-full_LegalFormOfEntity" xlink:to="lab_ifrs-full_LegalFormOfEntity" xlink:type="arc" order="1"/>
    <link:label id="lab_gleif_PaymentsForOtherFinancingLiabilities_b6f3f6eb-7a30-4b17-87ff-e57b90dfc141_negatedLabel_en" xlink:label="lab_gleif_PaymentsForOtherFinancingLiabilities" xlink:role="http://www.xbrl.org/2009/role/negatedLabel" xlink:type="resource" xmlns:xml="http://www.w3.org/XML/1998/namespace" xml:lang="en">Payments for other financing liabilities</link:label>
    <link:label id="lab_gleif_PaymentsForOtherFinancingLiabilities_label_en" xlink:label="lab_gleif_PaymentsForOtherFinancingLiabilities" xlink:role="http://www.xbrl.org/2003/role/label" xlink:type="resource" xmlns:xml="http://www.w3.org/XML/1998/namespace" xml:lang="en">Payments For Other Financing Liabilities</link:label>
    <link:label id="lab_gleif_PaymentsForOtherFinancingLiabilities_documentation_en" xlink:label="lab_gleif_PaymentsForOtherFinancingLiabilities" xlink:role="http://www.xbrl.org/2003/role/documentation" xlink:type="resource" xmlns:xml="http://www.w3.org/XML/1998/namespace" xml:lang="en">Payments For Other Financing Liabilities</link:label>
    <link:loc xlink:type="locator" xlink:label="loc_gleif_PaymentsForOtherFinancingLiabilities" xlink:href="gleif-2020-12-31.xsd#gleif_PaymentsForOtherFinancingLiabilities"/>
    <link:labelArc xlink:arcrole="http://www.xbrl.org/2003/arcrole/concept-label" xlink:from="loc_gleif_PaymentsForOtherFinancingLiabilities" xlink:to="lab_gleif_PaymentsForOtherFinancingLiabilities" xlink:type="arc" order="1"/>
    <link:label id="lab_ifrs-full_StatementOfFinancialPositionAbstract_a259c2c5-1573-4c95-ab0a-12922232860a_terseLabel_en" xlink:label="lab_ifrs-full_StatementOfFinancialPositionAbstract" xlink:role="http://www.xbrl.org/2003/role/terseLabel" xlink:type="resource" xmlns:xml="http://www.w3.org/XML/1998/namespace" xml:lang="en">Statement of financial position placeholder - this item MUST be used as a starting point for the statement of financial position</link:label>
    <link:loc xlink:type="locator" xlink:label="loc_ifrs-full_StatementOfFinancialPositionAbstract" xlink:href="http://xbrl.ifrs.org/taxonomy/2019-03-27/full_ifrs/full_ifrs-cor_2019-03-27.xsd#ifrs-full_StatementOfFinancialPositionAbstract"/>
    <link:labelArc xlink:arcrole="http://www.xbrl.org/2003/arcrole/concept-label" xlink:from="loc_ifrs-full_StatementOfFinancialPositionAbstract" xlink:to="lab_ifrs-full_StatementOfFinancialPositionAbstract" xlink:type="arc" order="1"/>
    <link:label id="lab_ifrs-full_OtherCurrentAssets_d84a0de9-beaa-445e-9ba8-09086e5f50be_terseLabel_en" xlink:label="lab_ifrs-full_OtherCurrentAssets" xlink:role="http://www.xbrl.org/2003/role/terseLabel" xlink:type="resource" xmlns:xml="http://www.w3.org/XML/1998/namespace" xml:lang="en">Other current assets</link:label>
    <link:loc xlink:type="locator" xlink:label="loc_ifrs-full_OtherCurrentAssets" xlink:href="http://xbrl.ifrs.org/taxonomy/2019-03-27/full_ifrs/full_ifrs-cor_2019-03-27.xsd#ifrs-full_OtherCurrentAssets"/>
    <link:labelArc xlink:arcrole="http://www.xbrl.org/2003/arcrole/concept-label" xlink:from="loc_ifrs-full_OtherCurrentAssets" xlink:to="lab_ifrs-full_OtherCurrentAssets" xlink:type="arc" order="1"/>
    <link:label id="lab_ifrs-full_ComprehensiveIncome_12e7dc2d-5f94-4f11-b038-4999a7a60ed9_terseLabel_en" xlink:label="lab_ifrs-full_ComprehensiveIncome" xlink:role="http://www.xbrl.org/2003/role/terseLabel" xlink:type="resource" xmlns:xml="http://www.w3.org/XML/1998/namespace" xml:lang="en">Comprehensive income</link:label>
    <link:loc xlink:type="locator" xlink:label="loc_ifrs-full_ComprehensiveIncome" xlink:href="http://xbrl.ifrs.org/taxonomy/2019-03-27/full_ifrs/full_ifrs-cor_2019-03-27.xsd#ifrs-full_ComprehensiveIncome"/>
    <link:labelArc xlink:arcrole="http://www.xbrl.org/2003/arcrole/concept-label" xlink:from="loc_ifrs-full_ComprehensiveIncome" xlink:to="lab_ifrs-full_ComprehensiveIncome" xlink:type="arc" order="1"/>
    <link:label id="lab_ifrs-full_StatementOfChangesInEquityAbstract_1b335cbb-54f9-494e-833d-2b004ce7a176_terseLabel_en" xlink:label="lab_ifrs-full_StatementOfChangesInEquityAbstract" xlink:role="http://www.xbrl.org/2003/role/terseLabel" xlink:type="resource" xmlns:xml="http://www.w3.org/XML/1998/namespace" xml:lang="en">Statement of changes in equity placeholder - this item MUST be used as a starting point for the statement of changes in equity</link:label>
    <link:loc xlink:type="locator" xlink:label="loc_ifrs-full_StatementOfChangesInEquityAbstract" xlink:href="http://xbrl.ifrs.org/taxonomy/2019-03-27/full_ifrs/full_ifrs-cor_2019-03-27.xsd#ifrs-full_StatementOfChangesInEquityAbstract"/>
    <link:labelArc xlink:arcrole="http://www.xbrl.org/2003/arcrole/concept-label" xlink:from="loc_ifrs-full_StatementOfChangesInEquityAbstract" xlink:to="lab_ifrs-full_StatementOfChangesInEquityAbstract" xlink:type="arc" order="1"/>
    <link:label id="lab_ifrs-full_OtherComprehensiveIncomeNetOfTaxGainsLossesOnRemeasurementsOfDefinedBenefitPlans_3110affb-e31c-452f-a2f1-4a7c0ae477f1_terseLabel_en" xlink:label="lab_ifrs-full_OtherComprehensiveIncomeNetOfTaxGainsLossesOnRemeasurementsOfDefinedBenefitPlans" xlink:role="http://www.xbrl.org/2003/role/terseLabel" xlink:type="resource" xmlns:xml="http://www.w3.org/XML/1998/namespace" xml:lang="en">Other comprehensive income, net of tax, gains (losses) on remeasurements of defined benefit plans</link:label>
    <link:loc xlink:type="locator" xlink:label="loc_ifrs-full_OtherComprehensiveIncomeNetOfTaxGainsLossesOnRemeasurementsOfDefinedBenefitPlans" xlink:href="http://xbrl.ifrs.org/taxonomy/2019-03-27/full_ifrs/full_ifrs-cor_2019-03-27.xsd#ifrs-full_OtherComprehensiveIncomeNetOfTaxGainsLossesOnRemeasurementsOfDefinedBenefitPlans"/>
    <link:labelArc xlink:arcrole="http://www.xbrl.org/2003/arcrole/concept-label" xlink:from="loc_ifrs-full_OtherComprehensiveIncomeNetOfTaxGainsLossesOnRemeasurementsOfDefinedBenefitPlans" xlink:to="lab_ifrs-full_OtherComprehensiveIncomeNetOfTaxGainsLossesOnRemeasurementsOfDefinedBenefitPlans" xlink:type="arc" order="1"/>
    <link:label id="lab_gleif_SocialContributionsAndExpensesForPensionsAndCare_909f670f-609f-4143-9ba9-c3151fd86bb9_negatedTerseLabel_en" xlink:label="lab_gleif_SocialContributionsAndExpensesForPensionsAndCare" xlink:role="http://www.xbrl.org/2009/role/negatedTerseLabel" xlink:type="resource" xmlns:xml="http://www.w3.org/XML/1998/namespace" xml:lang="en">Social contributions and expenses for pensions and care</link:label>
    <link:label id="lab_gleif_SocialContributionsAndExpensesForPensionsAndCare_label_en" xlink:label="lab_gleif_SocialContributionsAndExpensesForPensionsAndCare" xlink:role="http://www.xbrl.org/2003/role/label" xlink:type="resource" xmlns:xml="http://www.w3.org/XML/1998/namespace" xml:lang="en">Social contributions and expenses for pensions and care</link:label>
    <link:label id="lab_gleif_SocialContributionsAndExpensesForPensionsAndCare_documentation_en" xlink:label="lab_gleif_SocialContributionsAndExpensesForPensionsAndCare" xlink:role="http://www.xbrl.org/2003/role/documentation" xlink:type="resource" xmlns:xml="http://www.w3.org/XML/1998/namespace" xml:lang="en">Social contributions and expenses for pensions and care</link:label>
    <link:loc xlink:type="locator" xlink:label="loc_gleif_SocialContributionsAndExpensesForPensionsAndCare" xlink:href="gleif-2020-12-31.xsd#gleif_SocialContributionsAndExpensesForPensionsAndCare"/>
    <link:labelArc xlink:arcrole="http://www.xbrl.org/2003/arcrole/concept-label" xlink:from="loc_gleif_SocialContributionsAndExpensesForPensionsAndCare" xlink:to="lab_gleif_SocialContributionsAndExpensesForPensionsAndCare" xlink:type="arc" order="1"/>
    <link:label id="lab_ifrs-full_InterestPaidClassifiedAsFinancingActivities_e40f714a-c11e-482b-9bff-f4e61102ad6f_terseLabel_en" xlink:label="lab_ifrs-full_InterestPaidClassifiedAsFinancingActivities" xlink:role="http://www.xbrl.org/2003/role/terseLabel" xlink:type="resource" xmlns:xml="http://www.w3.org/XML/1998/namespace" xml:lang="en">Interest paid, classified as financing activities</link:label>
    <link:loc xlink:type="locator" xlink:label="loc_ifrs-full_InterestPaidClassifiedAsFinancingActivities" xlink:href="http://xbrl.ifrs.org/taxonomy/2019-03-27/full_ifrs/full_ifrs-cor_2019-03-27.xsd#ifrs-full_InterestPaidClassifiedAsFinancingActivities"/>
    <link:labelArc xlink:arcrole="http://www.xbrl.org/2003/arcrole/concept-label" xlink:from="loc_ifrs-full_InterestPaidClassifiedAsFinancingActivities" xlink:to="lab_ifrs-full_InterestPaidClassifiedAsFinancingActivities" xlink:type="arc" order="1"/>
    <link:label id="lab_ifrs-full_AdjustmentsForDepreciationAndAmortisationExpense_3bc2b0ba-3e65-4629-bef4-7fd98a6e1bb2_terseLabel_en" xlink:label="lab_ifrs-full_AdjustmentsForDepreciationAndAmortisationExpense" xlink:role="http://www.xbrl.org/2003/role/terseLabel" xlink:type="resource" xmlns:xml="http://www.w3.org/XML/1998/namespace" xml:lang="en">Adjustments for depreciation and amortisation expense</link:label>
    <link:loc xlink:type="locator" xlink:label="loc_ifrs-full_AdjustmentsForDepreciationAndAmortisationExpense" xlink:href="http://xbrl.ifrs.org/taxonomy/2019-03-27/full_ifrs/full_ifrs-cor_2019-03-27.xsd#ifrs-full_AdjustmentsForDepreciationAndAmortisationExpense"/>
    <link:labelArc xlink:arcrole="http://www.xbrl.org/2003/arcrole/concept-label" xlink:from="loc_ifrs-full_AdjustmentsForDepreciationAndAmortisationExpense" xlink:to="lab_ifrs-full_AdjustmentsForDepreciationAndAmortisationExpense" xlink:type="arc" order="1"/>
    <link:label id="lab_ifrs-full_NoncurrentFinancialAssets_88330670-41a3-48af-ba47-70c1726ed0b7_terseLabel_en" xlink:label="lab_ifrs-full_NoncurrentFinancialAssets" xlink:role="http://www.xbrl.org/2003/role/terseLabel" xlink:type="resource" xmlns:xml="http://www.w3.org/XML/1998/namespace" xml:lang="en">Non-current financial assets</link:label>
    <link:loc xlink:type="locator" xlink:label="loc_ifrs-full_NoncurrentFinancialAssets" xlink:href="http://xbrl.ifrs.org/taxonomy/2019-03-27/full_ifrs/full_ifrs-cor_2019-03-27.xsd#ifrs-full_NoncurrentFinancialAssets"/>
    <link:labelArc xlink:arcrole="http://www.xbrl.org/2003/arcrole/concept-label" xlink:from="loc_ifrs-full_NoncurrentFinancialAssets" xlink:to="lab_ifrs-full_NoncurrentFinancialAssets" xlink:type="arc" order="1"/>
    <link:label id="lab_gleif_ProceedsFromOtherFinancingLiabilities_label_en" xlink:label="lab_gleif_ProceedsFromOtherFinancingLiabilities" xlink:role="http://www.xbrl.org/2003/role/label" xlink:type="resource" xmlns:xml="http://www.w3.org/XML/1998/namespace" xml:lang="en">Proceeds From Other Financing Liabilities</link:label>
    <link:loc xlink:type="locator" xlink:label="loc_gleif_ProceedsFromOtherFinancingLiabilities" xlink:href="gleif-2020-12-31.xsd#gleif_ProceedsFromOtherFinancingLiabilities"/>
    <link:labelArc xlink:arcrole="http://www.xbrl.org/2003/arcrole/concept-label" xlink:from="loc_gleif_ProceedsFromOtherFinancingLiabilities" xlink:to="lab_gleif_ProceedsFromOtherFinancingLiabilities" xlink:type="arc" order="1"/>
    <link:label id="lab_ifrs-full_CashFlowsFromUsedInOperatingActivities_deb4faf6-d2b5-43a0-8ed8-82e1c10bbc0c_totalLabel_en" xlink:label="lab_ifrs-full_CashFlowsFromUsedInOperatingActivities" xlink:role="http://www.xbrl.org/2003/role/totalLabel" xlink:type="resource" xmlns:xml="http://www.w3.org/XML/1998/namespace" xml:lang="en">Cash flows from (used in) operating activities</link:label>
    <link:loc xlink:type="locator" xlink:label="loc_ifrs-full_CashFlowsFromUsedInOperatingActivities" xlink:href="http://xbrl.ifrs.org/taxonomy/2019-03-27/full_ifrs/full_ifrs-cor_2019-03-27.xsd#ifrs-full_CashFlowsFromUsedInOperatingActivities"/>
    <link:labelArc xlink:arcrole="http://www.xbrl.org/2003/arcrole/concept-label" xlink:from="loc_ifrs-full_CashFlowsFromUsedInOperatingActivities" xlink:to="lab_ifrs-full_CashFlowsFromUsedInOperatingActivities" xlink:type="arc" order="1"/>
    <link:label id="lab_ifrs-full_AdjustmentsForDecreaseIncreaseInTradeAndOtherReceivables_44b5de13-e650-4385-b670-aeaf3e8c9d21_terseLabel_en" xlink:label="lab_ifrs-full_AdjustmentsForDecreaseIncreaseInTradeAndOtherReceivables" xlink:role="http://www.xbrl.org/2003/role/terseLabel" xlink:type="resource" xmlns:xml="http://www.w3.org/XML/1998/namespace" xml:lang="en">Adjustments for decrease (increase) in trade and other receivables</link:label>
    <link:loc xlink:type="locator" xlink:label="loc_ifrs-full_AdjustmentsForDecreaseIncreaseInTradeAndOtherReceivables" xlink:href="http://xbrl.ifrs.org/taxonomy/2019-03-27/full_ifrs/full_ifrs-cor_2019-03-27.xsd#ifrs-full_AdjustmentsForDecreaseIncreaseInTradeAndOtherReceivables"/>
    <link:labelArc xlink:arcrole="http://www.xbrl.org/2003/arcrole/concept-label" xlink:from="loc_ifrs-full_AdjustmentsForDecreaseIncreaseInTradeAndOtherReceivables" xlink:to="lab_ifrs-full_AdjustmentsForDecreaseIncreaseInTradeAndOtherReceivables" xlink:type="arc" order="1"/>
    <link:label id="lab_ifrs-full_OtherComprehensiveIncome_d899ae41-de6e-44c0-a12f-6a015459969c_terseLabel_en" xlink:label="lab_ifrs-full_OtherComprehensiveIncome" xlink:role="http://www.xbrl.org/2003/role/terseLabel" xlink:type="resource" xmlns:xml="http://www.w3.org/XML/1998/namespace" xml:lang="en">Other comprehensive income</link:label>
    <link:loc xlink:type="locator" xlink:label="loc_ifrs-full_OtherComprehensiveIncome" xlink:href="http://xbrl.ifrs.org/taxonomy/2019-03-27/full_ifrs/full_ifrs-cor_2019-03-27.xsd#ifrs-full_OtherComprehensiveIncome"/>
    <link:labelArc xlink:arcrole="http://www.xbrl.org/2003/arcrole/concept-label" xlink:from="loc_ifrs-full_OtherComprehensiveIncome" xlink:to="lab_ifrs-full_OtherComprehensiveIncome" xlink:type="arc" order="1"/>
    <link:label id="lab_ifrs-full_EquityMember_fb7dd8a7-2e9b-4a50-a714-48c9b37c7204_terseLabel_en" xlink:label="lab_ifrs-full_EquityMember" xlink:role="http://www.xbrl.org/2003/role/terseLabel" xlink:type="resource" xmlns:xml="http://www.w3.org/XML/1998/namespace" xml:lang="en">Equity [member]</link:label>
    <link:loc xlink:type="locator" xlink:label="loc_ifrs-full_EquityMember" xlink:href="http://xbrl.ifrs.org/taxonomy/2019-03-27/full_ifrs/full_ifrs-cor_2019-03-27.xsd#ifrs-full_EquityMember"/>
    <link:labelArc xlink:arcrole="http://www.xbrl.org/2003/arcrole/concept-label" xlink:from="loc_ifrs-full_EquityMember" xlink:to="lab_ifrs-full_EquityMember" xlink:type="arc" order="1"/>
    <link:label id="lab_ifrs-full_ComponentsOfEquityAxis_ed07f11c-66c6-4a38-b500-7b993961610e_terseLabel_en" xlink:label="lab_ifrs-full_ComponentsOfEquityAxis" xlink:role="http://www.xbrl.org/2003/role/terseLabel" xlink:type="resource" xmlns:xml="http://www.w3.org/XML/1998/namespace" xml:lang="en">Components of equity [axis]</link:label>
    <link:loc xlink:type="locator" xlink:label="loc_ifrs-full_ComponentsOfEquityAxis" xlink:href="http://xbrl.ifrs.org/taxonomy/2019-03-27/full_ifrs/full_ifrs-cor_2019-03-27.xsd#ifrs-full_ComponentsOfEquityAxis"/>
    <link:labelArc xlink:arcrole="http://www.xbrl.org/2003/arcrole/concept-label" xlink:from="loc_ifrs-full_ComponentsOfEquityAxis" xlink:to="lab_ifrs-full_ComponentsOfEquityAxis" xlink:type="arc" order="1"/>
    <link:label id="lab_ifrs-full_OtherIncome_4136dafd-5f6e-49bc-bd67-b5508bde6d98_terseLabel_en" xlink:label="lab_ifrs-full_OtherIncome" xlink:role="http://www.xbrl.org/2003/role/terseLabel" xlink:type="resource" xmlns:xml="http://www.w3.org/XML/1998/namespace" xml:lang="en">Other income</link:label>
    <link:loc xlink:type="locator" xlink:label="loc_ifrs-full_OtherIncome" xlink:href="http://xbrl.ifrs.org/taxonomy/2019-03-27/full_ifrs/full_ifrs-cor_2019-03-27.xsd#ifrs-full_OtherIncome"/>
    <link:labelArc xlink:arcrole="http://www.xbrl.org/2003/arcrole/concept-label" xlink:from="loc_ifrs-full_OtherIncome" xlink:to="lab_ifrs-full_OtherIncome" xlink:type="arc" order="1"/>
    <link:label id="lab_gleif_LiabilitiesDueToBoardDirectors_ada5a68e-d022-4a84-af02-6fb18bbcada1_terseLabel_en" xlink:label="lab_gleif_LiabilitiesDueToBoardDirectors" xlink:role="http://www.xbrl.org/2003/role/terseLabel" xlink:type="resource" xmlns:xml="http://www.w3.org/XML/1998/namespace" xml:lang="en">Liabilities Due To Board Directors</link:label>
    <link:label id="lab_gleif_LiabilitiesDueToBoardDirectors_label_en" xlink:label="lab_gleif_LiabilitiesDueToBoardDirectors" xlink:role="http://www.xbrl.org/2003/role/label" xlink:type="resource" xmlns:xml="http://www.w3.org/XML/1998/namespace" xml:lang="en">Liabilities Due To Board Directors</link:label>
    <link:label id="lab_gleif_LiabilitiesDueToBoardDirectors_documentation_en" xlink:label="lab_gleif_LiabilitiesDueToBoardDirectors" xlink:role="http://www.xbrl.org/2003/role/documentation" xlink:type="resource" xmlns:xml="http://www.w3.org/XML/1998/namespace" xml:lang="en">Liabilities Due To Board Directors</link:label>
    <link:loc xlink:type="locator" xlink:label="loc_gleif_LiabilitiesDueToBoardDirectors" xlink:href="gleif-2020-12-31.xsd#gleif_LiabilitiesDueToBoardDirectors"/>
    <link:labelArc xlink:arcrole="http://www.xbrl.org/2003/arcrole/concept-label" xlink:from="loc_gleif_LiabilitiesDueToBoardDirectors" xlink:to="lab_gleif_LiabilitiesDueToBoardDirectors" xlink:type="arc" order="1"/>
    <link:label id="lab_ifrs-full_RetainedEarnings_b8d19a2e-1167-4b69-bcb5-a8626fc75190_terseLabel_en" xlink:label="lab_ifrs-full_RetainedEarnings" xlink:role="http://www.xbrl.org/2003/role/terseLabel" xlink:type="resource" xmlns:xml="http://www.w3.org/XML/1998/namespace" xml:lang="en">Retained earnings</link:label>
    <link:loc xlink:type="locator" xlink:label="loc_ifrs-full_RetainedEarnings" xlink:href="http://xbrl.ifrs.org/taxonomy/2019-03-27/full_ifrs/full_ifrs-cor_2019-03-27.xsd#ifrs-full_RetainedEarnings"/>
    <link:labelArc xlink:arcrole="http://www.xbrl.org/2003/arcrole/concept-label" xlink:from="loc_ifrs-full_RetainedEarnings" xlink:to="lab_ifrs-full_RetainedEarnings" xlink:type="arc" order="1"/>
    <link:label id="lab_ifrs-full_AdjustmentsForProvisions_6c4da5c4-c7f6-42b2-80fc-e82c4742e69f_terseLabel_en" xlink:label="lab_ifrs-full_AdjustmentsForProvisions" xlink:role="http://www.xbrl.org/2003/role/terseLabel" xlink:type="resource" xmlns:xml="http://www.w3.org/XML/1998/namespace" xml:lang="en">Adjustments for provisions</link:label>
    <link:loc xlink:type="locator" xlink:label="loc_ifrs-full_AdjustmentsForProvisions" xlink:href="http://xbrl.ifrs.org/taxonomy/2019-03-27/full_ifrs/full_ifrs-cor_2019-03-27.xsd#ifrs-full_AdjustmentsForProvisions"/>
    <link:labelArc xlink:arcrole="http://www.xbrl.org/2003/arcrole/concept-label" xlink:from="loc_ifrs-full_AdjustmentsForProvisions" xlink:to="lab_ifrs-full_AdjustmentsForProvisions" xlink:type="arc" order="1"/>
    <link:label id="lab_ifrs-full_PropertyPlantAndEquipment_39b4dd86-0891-4b6e-8dcc-44f1c5b8b356_terseLabel_en" xlink:label="lab_ifrs-full_PropertyPlantAndEquipment" xlink:role="http://www.xbrl.org/2003/role/terseLabel" xlink:type="resource" xmlns:xml="http://www.w3.org/XML/1998/namespace" xml:lang="en">Property, plant and equipment</link:label>
    <link:loc xlink:type="locator" xlink:label="loc_ifrs-full_PropertyPlantAndEquipment" xlink:href="http://xbrl.ifrs.org/taxonomy/2019-03-27/full_ifrs/full_ifrs-cor_2019-03-27.xsd#ifrs-full_PropertyPlantAndEquipment"/>
    <link:labelArc xlink:arcrole="http://www.xbrl.org/2003/arcrole/concept-label" xlink:from="loc_ifrs-full_PropertyPlantAndEquipment" xlink:to="lab_ifrs-full_PropertyPlantAndEquipment" xlink:type="arc" order="1"/>
    <link:label id="lab_ifrs-full_IncomeStatementAbstract_7ef81371-d51b-4616-995c-5170e5c4543e_terseLabel_en" xlink:label="lab_ifrs-full_IncomeStatementAbstract" xlink:role="http://www.xbrl.org/2003/role/terseLabel" xlink:type="resource" xmlns:xml="http://www.w3.org/XML/1998/namespace" xml:lang="en">Profit or loss placeholder - this item MUST be used as a starting point for the statement of profit or loss if the statement of profit or loss is separately</link:label>
    <link:loc xlink:type="locator" xlink:label="loc_ifrs-full_IncomeStatementAbstract" xlink:href="http://xbrl.ifrs.org/taxonomy/2019-03-27/full_ifrs/full_ifrs-cor_2019-03-27.xsd#ifrs-full_IncomeStatementAbstract"/>
    <link:labelArc xlink:arcrole="http://www.xbrl.org/2003/arcrole/concept-label" xlink:from="loc_ifrs-full_IncomeStatementAbstract" xlink:to="lab_ifrs-full_IncomeStatementAbstract" xlink:type="arc" order="1"/>
    <link:label id="lab_ifrs-full_CashFlowsFromUsedInOperatingActivitiesAbstract_9e501c0b-8565-423f-9f20-8bafb4519a44_terseLabel_en" xlink:label="lab_ifrs-full_CashFlowsFromUsedInOperatingActivitiesAbstract" xlink:role="http://www.xbrl.org/2003/role/terseLabel" xlink:type="resource" xmlns:xml="http://www.w3.org/XML/1998/namespace" xml:lang="en">Cash flows from (used in) operating activities [abstract]</link:label>
    <link:loc xlink:type="locator" xlink:label="loc_ifrs-full_CashFlowsFromUsedInOperatingActivitiesAbstract" xlink:href="http://xbrl.ifrs.org/taxonomy/2019-03-27/full_ifrs/full_ifrs-cor_2019-03-27.xsd#ifrs-full_CashFlowsFromUsedInOperatingActivitiesAbstract"/>
    <link:labelArc xlink:arcrole="http://www.xbrl.org/2003/arcrole/concept-label" xlink:from="loc_ifrs-full_CashFlowsFromUsedInOperatingActivitiesAbstract" xlink:to="lab_ifrs-full_CashFlowsFromUsedInOperatingActivitiesAbstract" xlink:type="arc" order="1"/>
    <link:label id="lab_ifrs-full_FinanceIncomeCost_8a98bd1e-9510-4f65-a22e-4f766ed969c2_terseLabel_en" xlink:label="lab_ifrs-full_FinanceIncomeCost" xlink:role="http://www.xbrl.org/2003/role/terseLabel" xlink:type="resource" xmlns:xml="http://www.w3.org/XML/1998/namespace" xml:lang="en">Finance income (cost)</link:label>
    <link:loc xlink:type="locator" xlink:label="loc_ifrs-full_FinanceIncomeCost" xlink:href="http://xbrl.ifrs.org/taxonomy/2019-03-27/full_ifrs/full_ifrs-cor_2019-03-27.xsd#ifrs-full_FinanceIncomeCost"/>
    <link:labelArc xlink:arcrole="http://www.xbrl.org/2003/arcrole/concept-label" xlink:from="loc_ifrs-full_FinanceIncomeCost" xlink:to="lab_ifrs-full_FinanceIncomeCost" xlink:type="arc" order="1"/>
    <link:label id="lab_ifrs-full_CashFlowsFromUsedInInvestingActivitiesAbstract_71150872-fa52-4ef7-afd5-a337c9585e6b_terseLabel_en" xlink:label="lab_ifrs-full_CashFlowsFromUsedInInvestingActivitiesAbstract" xlink:role="http://www.xbrl.org/2003/role/terseLabel" xlink:type="resource" xmlns:xml="http://www.w3.org/XML/1998/namespace" xml:lang="en">Cash flows from (used in) investing activities [abstract]</link:label>
    <link:loc xlink:type="locator" xlink:label="loc_ifrs-full_CashFlowsFromUsedInInvestingActivitiesAbstract" xlink:href="http://xbrl.ifrs.org/taxonomy/2019-03-27/full_ifrs/full_ifrs-cor_2019-03-27.xsd#ifrs-full_CashFlowsFromUsedInInvestingActivitiesAbstract"/>
    <link:labelArc xlink:arcrole="http://www.xbrl.org/2003/arcrole/concept-label" xlink:from="loc_ifrs-full_CashFlowsFromUsedInInvestingActivitiesAbstract" xlink:to="lab_ifrs-full_CashFlowsFromUsedInInvestingActivitiesAbstract" xlink:type="arc" order="1"/>
    <link:label id="lab_ifrs-full_CurrentAssetsAbstract_1ccd922b-8ac2-4dc2-b906-94f779638b6c_terseLabel_en" xlink:label="lab_ifrs-full_CurrentAssetsAbstract" xlink:role="http://www.xbrl.org/2003/role/terseLabel" xlink:type="resource" xmlns:xml="http://www.w3.org/XML/1998/namespace" xml:lang="en">Current assets [abstract]</link:label>
    <link:loc xlink:type="locator" xlink:label="loc_ifrs-full_CurrentAssetsAbstract" xlink:href="http://xbrl.ifrs.org/taxonomy/2019-03-27/full_ifrs/full_ifrs-cor_2019-03-27.xsd#ifrs-full_CurrentAssetsAbstract"/>
    <link:labelArc xlink:arcrole="http://www.xbrl.org/2003/arcrole/concept-label" xlink:from="loc_ifrs-full_CurrentAssetsAbstract" xlink:to="lab_ifrs-full_CurrentAssetsAbstract" xlink:type="arc" order="1"/>
    <link:label id="lab_ifrs-full_EquityAbstract_c18f2db4-1200-4e34-9be6-16d9416b9d86_terseLabel_en" xlink:label="lab_ifrs-full_EquityAbstract" xlink:role="http://www.xbrl.org/2003/role/terseLabel" xlink:type="resource" xmlns:xml="http://www.w3.org/XML/1998/namespace" xml:lang="en">Equity [abstract]</link:label>
    <link:loc xlink:type="locator" xlink:label="loc_ifrs-full_EquityAbstract" xlink:href="http://xbrl.ifrs.org/taxonomy/2019-03-27/full_ifrs/full_ifrs-cor_2019-03-27.xsd#ifrs-full_EquityAbstract"/>
    <link:labelArc xlink:arcrole="http://www.xbrl.org/2003/arcrole/concept-label" xlink:from="loc_ifrs-full_EquityAbstract" xlink:to="lab_ifrs-full_EquityAbstract" xlink:type="arc" order="1"/>
    <link:label id="lab_ifrs-full_AddressOfRegisteredOfficeOfEntity_e48a0cc9-8ebf-4a08-869c-79daa9f3bff7_terseLabel_en" xlink:label="lab_ifrs-full_AddressOfRegisteredOfficeOfEntity" xlink:role="http://www.xbrl.org/2003/role/terseLabel" xlink:type="resource" xmlns:xml="http://www.w3.org/XML/1998/namespace" xml:lang="en">Address of entity's registered office</link:label>
    <link:loc xlink:type="locator" xlink:label="loc_ifrs-full_AddressOfRegisteredOfficeOfEntity" xlink:href="http://xbrl.ifrs.org/taxonomy/2019-03-27/full_ifrs/full_ifrs-cor_2019-03-27.xsd#ifrs-full_AddressOfRegisteredOfficeOfEntity"/>
    <link:labelArc xlink:arcrole="http://www.xbrl.org/2003/arcrole/concept-label" xlink:from="loc_ifrs-full_AddressOfRegisteredOfficeOfEntity" xlink:to="lab_ifrs-full_AddressOfRegisteredOfficeOfEntity" xlink:type="arc" order="1"/>
    <link:label id="lab_ifrs-full_OtherCurrentFinancialAssets_02e017d4-8840-442e-93ad-e8a21bf902be_terseLabel_en" xlink:label="lab_ifrs-full_OtherCurrentFinancialAssets" xlink:role="http://www.xbrl.org/2003/role/terseLabel" xlink:type="resource" xmlns:xml="http://www.w3.org/XML/1998/namespace" xml:lang="en">Other current financial assets</link:label>
    <link:loc xlink:type="locator" xlink:label="loc_ifrs-full_OtherCurrentFinancialAssets" xlink:href="http://xbrl.ifrs.org/taxonomy/2019-03-27/full_ifrs/full_ifrs-cor_2019-03-27.xsd#ifrs-full_OtherCurrentFinancialAssets"/>
    <link:labelArc xlink:arcrole="http://www.xbrl.org/2003/arcrole/concept-label" xlink:from="loc_ifrs-full_OtherCurrentFinancialAssets" xlink:to="lab_ifrs-full_OtherCurrentFinancialAssets" xlink:type="arc" order="1"/>
    <link:label id="lab_ifrs-full_CashFlowsFromUsedInInvestingActivities_65e65574-21f4-4660-9305-bf1b67bb253e_totalLabel_en" xlink:label="lab_ifrs-full_CashFlowsFromUsedInInvestingActivities" xlink:role="http://www.xbrl.org/2003/role/totalLabel" xlink:type="resource" xmlns:xml="http://www.w3.org/XML/1998/namespace" xml:lang="en">Cash flows from (used in) investing activities</link:label>
    <link:loc xlink:type="locator" xlink:label="loc_ifrs-full_CashFlowsFromUsedInInvestingActivities" xlink:href="http://xbrl.ifrs.org/taxonomy/2019-03-27/full_ifrs/full_ifrs-cor_2019-03-27.xsd#ifrs-full_CashFlowsFromUsedInInvestingActivities"/>
    <link:labelArc xlink:arcrole="http://www.xbrl.org/2003/arcrole/concept-label" xlink:from="loc_ifrs-full_CashFlowsFromUsedInInvestingActivities" xlink:to="lab_ifrs-full_CashFlowsFromUsedInInvestingActivities" xlink:type="arc" order="1"/>
    <link:label id="lab_ifrs-full_OtherReserves_2063ed91-9337-4797-9e3e-1db3c3d7daf8_terseLabel_en" xlink:label="lab_ifrs-full_OtherReserves" xlink:role="http://www.xbrl.org/2003/role/terseLabel" xlink:type="resource" xmlns:xml="http://www.w3.org/XML/1998/namespace" xml:lang="en">Other reserves</link:label>
    <link:loc xlink:type="locator" xlink:label="loc_ifrs-full_OtherReserves" xlink:href="http://xbrl.ifrs.org/taxonomy/2019-03-27/full_ifrs/full_ifrs-cor_2019-03-27.xsd#ifrs-full_OtherReserves"/>
    <link:labelArc xlink:arcrole="http://www.xbrl.org/2003/arcrole/concept-label" xlink:from="loc_ifrs-full_OtherReserves" xlink:to="lab_ifrs-full_OtherReserves" xlink:type="arc" order="1"/>
    <link:label id="lab_ifrs-full_NameOfReportingEntityOrOtherMeansOfIdentification_c9615084-a4cf-48ca-914f-296f1cd4f449_terseLabel_en" xlink:label="lab_ifrs-full_NameOfReportingEntityOrOtherMeansOfIdentification" xlink:role="http://www.xbrl.org/2003/role/terseLabel" xlink:type="resource" xmlns:xml="http://www.w3.org/XML/1998/namespace" xml:lang="en">Name of reporting entity or other means of identification</link:label>
    <link:loc xlink:type="locator" xlink:label="loc_ifrs-full_NameOfReportingEntityOrOtherMeansOfIdentification" xlink:href="http://xbrl.ifrs.org/taxonomy/2019-03-27/full_ifrs/full_ifrs-cor_2019-03-27.xsd#ifrs-full_NameOfReportingEntityOrOtherMeansOfIdentification"/>
    <link:labelArc xlink:arcrole="http://www.xbrl.org/2003/arcrole/concept-label" xlink:from="loc_ifrs-full_NameOfReportingEntityOrOtherMeansOfIdentification" xlink:to="lab_ifrs-full_NameOfReportingEntityOrOtherMeansOfIdentification" xlink:type="arc" order="1"/>
    <link:label id="lab_ifrs-full_RevenueFromGovernmentGrants_d2122954-4f0f-417e-b0e4-06ccbddaf608_terseLabel_en" xlink:label="lab_ifrs-full_RevenueFromGovernmentGrants" xlink:role="http://www.xbrl.org/2003/role/terseLabel" xlink:type="resource" xmlns:xml="http://www.w3.org/XML/1998/namespace" xml:lang="en">Income from government grants</link:label>
    <link:loc xlink:type="locator" xlink:label="loc_ifrs-full_RevenueFromGovernmentGrants" xlink:href="http://xbrl.ifrs.org/taxonomy/2019-03-27/full_ifrs/full_ifrs-cor_2019-03-27.xsd#ifrs-full_RevenueFromGovernmentGrants"/>
    <link:labelArc xlink:arcrole="http://www.xbrl.org/2003/arcrole/concept-label" xlink:from="loc_ifrs-full_RevenueFromGovernmentGrants" xlink:to="lab_ifrs-full_RevenueFromGovernmentGrants" xlink:type="arc" order="1"/>
    <link:label id="lab_ifrs-full_WagesAndSalaries_dd067604-de82-4cf7-a52c-7aef5510fd46_terseLabel_en" xlink:label="lab_ifrs-full_WagesAndSalaries" xlink:role="http://www.xbrl.org/2003/role/terseLabel" xlink:type="resource" xmlns:xml="http://www.w3.org/XML/1998/namespace" xml:lang="en">Wages and salaries</link:label>
    <link:loc xlink:type="locator" xlink:label="loc_ifrs-full_WagesAndSalaries" xlink:href="http://xbrl.ifrs.org/taxonomy/2019-03-27/full_ifrs/full_ifrs-cor_2019-03-27.xsd#ifrs-full_WagesAndSalaries"/>
    <link:labelArc xlink:arcrole="http://www.xbrl.org/2003/arcrole/concept-label" xlink:from="loc_ifrs-full_WagesAndSalaries" xlink:to="lab_ifrs-full_WagesAndSalaries" xlink:type="arc" order="1"/>
    <link:label id="lab_ifrs-full_StatementOfChangesInEquityTable_3a56eaf8-9470-4f34-9d84-8c991556755c_terseLabel_en" xlink:label="lab_ifrs-full_StatementOfChangesInEquityTable" xlink:role="http://www.xbrl.org/2003/role/terseLabel" xlink:type="resource" xmlns:xml="http://www.w3.org/XML/1998/namespace" xml:lang="en">Statement of changes in equity [table]</link:label>
    <link:loc xlink:type="locator" xlink:label="loc_ifrs-full_StatementOfChangesInEquityTable" xlink:href="http://xbrl.ifrs.org/taxonomy/2019-03-27/full_ifrs/full_ifrs-cor_2019-03-27.xsd#ifrs-full_StatementOfChangesInEquityTable"/>
    <link:labelArc xlink:arcrole="http://www.xbrl.org/2003/arcrole/concept-label" xlink:from="loc_ifrs-full_StatementOfChangesInEquityTable" xlink:to="lab_ifrs-full_StatementOfChangesInEquityTable" xlink:type="arc" order="1"/>
    <link:label id="lab_ifrs-full_CountryOfIncorporation_aa318368-3aff-4846-8336-e3c8cd776fb1_terseLabel_en" xlink:label="lab_ifrs-full_CountryOfIncorporation" xlink:role="http://www.xbrl.org/2003/role/terseLabel" xlink:type="resource" xmlns:xml="http://www.w3.org/XML/1998/namespace" xml:lang="en">Country of incorporation</link:label>
    <link:loc xlink:type="locator" xlink:label="loc_ifrs-full_CountryOfIncorporation" xlink:href="http://xbrl.ifrs.org/taxonomy/2019-03-27/full_ifrs/full_ifrs-cor_2019-03-27.xsd#ifrs-full_CountryOfIncorporation"/>
    <link:labelArc xlink:arcrole="http://www.xbrl.org/2003/arcrole/concept-label" xlink:from="loc_ifrs-full_CountryOfIncorporation" xlink:to="lab_ifrs-full_CountryOfIncorporation" xlink:type="arc" order="1"/>
    <link:label id="lab_ifrs-full_NoncurrentRecognisedLiabilitiesDefinedBenefitPlan_a567dc64-5e37-471b-a8cc-99edfaef7d86_terseLabel_en" xlink:label="lab_ifrs-full_NoncurrentRecognisedLiabilitiesDefinedBenefitPlan" xlink:role="http://www.xbrl.org/2003/role/terseLabel" xlink:type="resource" xmlns:xml="http://www.w3.org/XML/1998/namespace" xml:lang="en">Non-current net defined benefit liability</link:label>
    <link:loc xlink:type="locator" xlink:label="loc_ifrs-full_NoncurrentRecognisedLiabilitiesDefinedBenefitPlan" xlink:href="http://xbrl.ifrs.org/taxonomy/2019-03-27/full_ifrs/full_ifrs-cor_2019-03-27.xsd#ifrs-full_NoncurrentRecognisedLiabilitiesDefinedBenefitPlan"/>
    <link:labelArc xlink:arcrole="http://www.xbrl.org/2003/arcrole/concept-label" xlink:from="loc_ifrs-full_NoncurrentRecognisedLiabilitiesDefinedBenefitPlan" xlink:to="lab_ifrs-full_NoncurrentRecognisedLiabilitiesDefinedBenefitPlan" xlink:type="arc" order="1"/>
    <link:label id="lab_ifrs-full_NoncurrentLiabilitiesAbstract_55581a6d-fa3c-4699-97cd-d9b8aa9b313a_terseLabel_en" xlink:label="lab_ifrs-full_NoncurrentLiabilitiesAbstract" xlink:role="http://www.xbrl.org/2003/role/terseLabel" xlink:type="resource" xmlns:xml="http://www.w3.org/XML/1998/namespace" xml:lang="en">Non-current liabilities [abstract]</link:label>
    <link:loc xlink:type="locator" xlink:label="loc_ifrs-full_NoncurrentLiabilitiesAbstract" xlink:href="http://xbrl.ifrs.org/taxonomy/2019-03-27/full_ifrs/full_ifrs-cor_2019-03-27.xsd#ifrs-full_NoncurrentLiabilitiesAbstract"/>
    <link:labelArc xlink:arcrole="http://www.xbrl.org/2003/arcrole/concept-label" xlink:from="loc_ifrs-full_NoncurrentLiabilitiesAbstract" xlink:to="lab_ifrs-full_NoncurrentLiabilitiesAbstract" xlink:type="arc" order="1"/>
    <link:label id="lab_ifrs-full_IncreaseDecreaseInCashAndCashEquivalentsBeforeEffectOfExchangeRateChanges_fc8b4a00-709f-41b2-a15f-233ae90a0c93_totalLabel_en" xlink:label="lab_ifrs-full_IncreaseDecreaseInCashAndCashEquivalentsBeforeEffectOfExchangeRateChanges" xlink:role="http://www.xbrl.org/2003/role/totalLabel" xlink:type="resource" xmlns:xml="http://www.w3.org/XML/1998/namespace" xml:lang="en">Increase (decrease) in cash and cash equivalents before effect of exchange rate changes</link:label>
    <link:loc xlink:type="locator" xlink:label="loc_ifrs-full_IncreaseDecreaseInCashAndCashEquivalentsBeforeEffectOfExchangeRateChanges" xlink:href="http://xbrl.ifrs.org/taxonomy/2019-03-27/full_ifrs/full_ifrs-cor_2019-03-27.xsd#ifrs-full_IncreaseDecreaseInCashAndCashEquivalentsBeforeEffectOfExchangeRateChanges"/>
    <link:labelArc xlink:arcrole="http://www.xbrl.org/2003/arcrole/concept-label" xlink:from="loc_ifrs-full_IncreaseDecreaseInCashAndCashEquivalentsBeforeEffectOfExchangeRateChanges" xlink:to="lab_ifrs-full_IncreaseDecreaseInCashAndCashEquivalentsBeforeEffectOfExchangeRateChanges" xlink:type="arc" order="1"/>
    <link:label id="lab_ifrs-full_ProceedsFromDisposalsOfPropertyPlantAndEquipmentIntangibleAssetsOtherThanGoodwillInvestmentPropertyAndOtherNoncurrentAssets_d0b28290-46a5-4024-8cd4-9a9f75e4a19e_terseLabel_en" xlink:label="lab_ifrs-full_ProceedsFromDisposalsOfPropertyPlantAndEquipmentIntangibleAssetsOtherThanGoodwillInvestmentPropertyAndOtherNoncurrentAssets" xlink:role="http://www.xbrl.org/2003/role/terseLabel" xlink:type="resource" xmlns:xml="http://www.w3.org/XML/1998/namespace" xml:lang="en">Proceeds from disposals of property, plant and equipment, intangible assets other than goodwill, investment property and other non-current assets</link:label>
    <link:loc xlink:type="locator" xlink:label="loc_ifrs-full_ProceedsFromDisposalsOfPropertyPlantAndEquipmentIntangibleAssetsOtherThanGoodwillInvestmentPropertyAndOtherNoncurrentAssets" xlink:href="http://xbrl.ifrs.org/taxonomy/2019-03-27/full_ifrs/full_ifrs-cor_2019-03-27.xsd#ifrs-full_ProceedsFromDisposalsOfPropertyPlantAndEquipmentIntangibleAssetsOtherThanGoodwillInvestmentPropertyAndOtherNoncurrentAssets"/>
    <link:labelArc xlink:arcrole="http://www.xbrl.org/2003/arcrole/concept-label" xlink:from="loc_ifrs-full_ProceedsFromDisposalsOfPropertyPlantAndEquipmentIntangibleAssetsOtherThanGoodwillInvestmentPropertyAndOtherNoncurrentAssets" xlink:to="lab_ifrs-full_ProceedsFromDisposalsOfPropertyPlantAndEquipmentIntangibleAssetsOtherThanGoodwillInvestmentPropertyAndOtherNoncurrentAssets" xlink:type="arc" order="1"/>
    <link:label id="lab_ifrs-full_AdjustmentsForFinanceIncomeCost_4d3e4ccc-a924-417d-b8a6-0e38ca000bce_terseLabel_en" xlink:label="lab_ifrs-full_AdjustmentsForFinanceIncomeCost" xlink:role="http://www.xbrl.org/2003/role/terseLabel" xlink:type="resource" xmlns:xml="http://www.w3.org/XML/1998/namespace" xml:lang="en">Adjustments for finance income (cost)</link:label>
    <link:loc xlink:type="locator" xlink:label="loc_ifrs-full_AdjustmentsForFinanceIncomeCost" xlink:href="http://xbrl.ifrs.org/taxonomy/2019-03-27/full_ifrs/full_ifrs-cor_2019-03-27.xsd#ifrs-full_AdjustmentsForFinanceIncomeCost"/>
    <link:labelArc xlink:arcrole="http://www.xbrl.org/2003/arcrole/concept-label" xlink:from="loc_ifrs-full_AdjustmentsForFinanceIncomeCost" xlink:to="lab_ifrs-full_AdjustmentsForFinanceIncomeCost" xlink:type="arc" order="1"/>
  </link:labelLink>
</link:linkbase>
