<?xml version="1.0" encoding="UTF-8"?>

<!--XBRL Document Created with Wdesk from Workiva-->
<!--Copyright 2021 Workiva-->
<!--r:5bfd1183-4800-4a6d-bb84-3eb21b4b6a70,g:91fb88fe-0667-447d-bd8c-637080e74f43-->
<link:linkbase xmlns:link="http://www.xbrl.org/2003/linkbase" xmlns:xlink="http://www.w3.org/1999/xlink" xmlns:xsi="http://www.w3.org/2001/XMLSchema-instance" xmlns:xbrldt="http://xbrl.org/2005/xbrldt" xsi:schemaLocation="http://www.xbrl.org/2003/linkbase http://www.xbrl.org/2003/xbrl-linkbase-2003-12-31.xsd">
  <link:arcroleRef arcroleURI="http://xbrl.org/int/dim/arcrole/all" xlink:type="simple" xlink:href="http://www.xbrl.org/2005/xbrldt-2005.xsd#all"/>
  <link:arcroleRef arcroleURI="http://xbrl.org/int/dim/arcrole/hypercube-dimension" xlink:type="simple" xlink:href="http://www.xbrl.org/2005/xbrldt-2005.xsd#hypercube-dimension"/>
  <link:arcroleRef arcroleURI="http://xbrl.org/int/dim/arcrole/dimension-default" xlink:type="simple" xlink:href="http://www.xbrl.org/2005/xbrldt-2005.xsd#dimension-default"/>
  <link:arcroleRef arcroleURI="http://xbrl.org/int/dim/arcrole/dimension-domain" xlink:type="simple" xlink:href="http://www.xbrl.org/2005/xbrldt-2005.xsd#dimension-domain"/>
  <link:arcroleRef arcroleURI="http://xbrl.org/int/dim/arcrole/domain-member" xlink:type="simple" xlink:href="http://www.xbrl.org/2005/xbrldt-2005.xsd#domain-member"/>
  <link:arcroleRef arcroleURI="http://www.esma.europa.eu/xbrl/esef/arcrole/wider-narrower" xlink:type="simple" xlink:href="http://www.xbrl.org/lrr/arcrole/esma-arcrole-2018-11-21.xsd#wider-narrower"/>
  <link:roleRef roleURI="http://www.gleif.org/role/StatementofchangesinequityStatement" xlink:type="simple" xlink:href="gleif-2020-12-31.xsd#StatementofchangesinequityStatement"/>
  <link:definitionLink xlink:role="http://www.gleif.org/role/StatementofchangesinequityStatement" xlink:type="extended" id="icd8a78b28b1946608009d4a399e4c434_StatementofchangesinequityStatement">
    <link:loc xlink:type="locator" xlink:label="loc_ifrs-full_StatementOfChangesInEquityLineItems_ac51b8c1-4958-4d2f-bddc-edc34a6b45de" xlink:href="http://xbrl.ifrs.org/taxonomy/2019-03-27/full_ifrs/full_ifrs-cor_2019-03-27.xsd#ifrs-full_StatementOfChangesInEquityLineItems"/>
    <link:loc xlink:type="locator" xlink:label="loc_ifrs-full_Equity_85ed0212-837f-45a6-b851-cf8379e15a79" xlink:href="http://xbrl.ifrs.org/taxonomy/2019-03-27/full_ifrs/full_ifrs-cor_2019-03-27.xsd#ifrs-full_Equity"/>
    <link:definitionArc xlink:arcrole="http://xbrl.org/int/dim/arcrole/domain-member" xlink:from="loc_ifrs-full_StatementOfChangesInEquityLineItems_ac51b8c1-4958-4d2f-bddc-edc34a6b45de" xlink:to="loc_ifrs-full_Equity_85ed0212-837f-45a6-b851-cf8379e15a79" xlink:type="arc" order="0"/>
    <link:loc xlink:type="locator" xlink:label="loc_ifrs-full_ProfitLoss_fc4cb695-faa7-47f2-a492-825afe99c925" xlink:href="http://xbrl.ifrs.org/taxonomy/2019-03-27/full_ifrs/full_ifrs-cor_2019-03-27.xsd#ifrs-full_ProfitLoss"/>
    <link:definitionArc xlink:arcrole="http://xbrl.org/int/dim/arcrole/domain-member" xlink:from="loc_ifrs-full_StatementOfChangesInEquityLineItems_ac51b8c1-4958-4d2f-bddc-edc34a6b45de" xlink:to="loc_ifrs-full_ProfitLoss_fc4cb695-faa7-47f2-a492-825afe99c925" xlink:type="arc" order="1"/>
    <link:loc xlink:type="locator" xlink:label="loc_ifrs-full_OtherComprehensiveIncome_2a8f55d5-bcc3-4450-b158-22a58187c4e9" xlink:href="http://xbrl.ifrs.org/taxonomy/2019-03-27/full_ifrs/full_ifrs-cor_2019-03-27.xsd#ifrs-full_OtherComprehensiveIncome"/>
    <link:definitionArc xlink:arcrole="http://xbrl.org/int/dim/arcrole/domain-member" xlink:from="loc_ifrs-full_StatementOfChangesInEquityLineItems_ac51b8c1-4958-4d2f-bddc-edc34a6b45de" xlink:to="loc_ifrs-full_OtherComprehensiveIncome_2a8f55d5-bcc3-4450-b158-22a58187c4e9" xlink:type="arc" order="2"/>
    <link:loc xlink:type="locator" xlink:label="loc_ifrs-full_ComprehensiveIncome_923d970d-4016-4730-86bd-fcb094354a37" xlink:href="http://xbrl.ifrs.org/taxonomy/2019-03-27/full_ifrs/full_ifrs-cor_2019-03-27.xsd#ifrs-full_ComprehensiveIncome"/>
    <link:definitionArc xlink:arcrole="http://xbrl.org/int/dim/arcrole/domain-member" xlink:from="loc_ifrs-full_StatementOfChangesInEquityLineItems_ac51b8c1-4958-4d2f-bddc-edc34a6b45de" xlink:to="loc_ifrs-full_ComprehensiveIncome_923d970d-4016-4730-86bd-fcb094354a37" xlink:type="arc" order="3"/>
    <link:loc xlink:type="locator" xlink:label="loc_ifrs-full_Equity_0b717942-46b4-4c04-b995-aecf063aa1e9" xlink:href="http://xbrl.ifrs.org/taxonomy/2019-03-27/full_ifrs/full_ifrs-cor_2019-03-27.xsd#ifrs-full_Equity"/>
    <link:loc xlink:type="locator" xlink:label="loc_ifrs-full_StatementOfChangesInEquityTable_c0582fb5-796f-4b66-8271-0c208a474c2e" xlink:href="http://xbrl.ifrs.org/taxonomy/2019-03-27/full_ifrs/full_ifrs-cor_2019-03-27.xsd#ifrs-full_StatementOfChangesInEquityTable"/>
    <link:definitionArc xlink:arcrole="http://xbrl.org/int/dim/arcrole/all" xlink:from="loc_ifrs-full_StatementOfChangesInEquityLineItems_ac51b8c1-4958-4d2f-bddc-edc34a6b45de" xlink:to="loc_ifrs-full_StatementOfChangesInEquityTable_c0582fb5-796f-4b66-8271-0c208a474c2e" xlink:type="arc" order="1" xbrldt:closed="true" xbrldt:contextElement="scenario"/>
    <link:loc xlink:type="locator" xlink:label="loc_ifrs-full_ComponentsOfEquityAxis_ad37bed4-b901-40c9-bb05-dc1b6154a8d2" xlink:href="http://xbrl.ifrs.org/taxonomy/2019-03-27/full_ifrs/full_ifrs-cor_2019-03-27.xsd#ifrs-full_ComponentsOfEquityAxis"/>
    <link:definitionArc xlink:arcrole="http://xbrl.org/int/dim/arcrole/hypercube-dimension" xlink:from="loc_ifrs-full_StatementOfChangesInEquityTable_c0582fb5-796f-4b66-8271-0c208a474c2e" xlink:to="loc_ifrs-full_ComponentsOfEquityAxis_ad37bed4-b901-40c9-bb05-dc1b6154a8d2" xlink:type="arc" order="1"/>
    <link:loc xlink:type="locator" xlink:label="loc_ifrs-full_EquityMember_de475959-a911-44c6-b20a-6114abdcb53e" xlink:href="http://xbrl.ifrs.org/taxonomy/2019-03-27/full_ifrs/full_ifrs-cor_2019-03-27.xsd#ifrs-full_EquityMember"/>
    <link:definitionArc xlink:arcrole="http://xbrl.org/int/dim/arcrole/dimension-domain" xlink:from="loc_ifrs-full_ComponentsOfEquityAxis_ad37bed4-b901-40c9-bb05-dc1b6154a8d2" xlink:to="loc_ifrs-full_EquityMember_de475959-a911-44c6-b20a-6114abdcb53e" xlink:type="arc" order="1"/>
    <link:loc xlink:type="locator" xlink:label="loc_ifrs-full_IssuedCapitalMember_e6e893d4-5117-4e80-9104-ab9a3f848c54" xlink:href="http://xbrl.ifrs.org/taxonomy/2019-03-27/full_ifrs/full_ifrs-cor_2019-03-27.xsd#ifrs-full_IssuedCapitalMember"/>
    <link:definitionArc xlink:arcrole="http://xbrl.org/int/dim/arcrole/domain-member" xlink:from="loc_ifrs-full_EquityMember_de475959-a911-44c6-b20a-6114abdcb53e" xlink:to="loc_ifrs-full_IssuedCapitalMember_e6e893d4-5117-4e80-9104-ab9a3f848c54" xlink:type="arc" order="0"/>
    <link:loc xlink:type="locator" xlink:label="loc_ifrs-full_OtherReservesMember_3af10a49-10c2-43d3-a945-74bd0395df46" xlink:href="http://xbrl.ifrs.org/taxonomy/2019-03-27/full_ifrs/full_ifrs-cor_2019-03-27.xsd#ifrs-full_OtherReservesMember"/>
    <link:definitionArc xlink:arcrole="http://xbrl.org/int/dim/arcrole/domain-member" xlink:from="loc_ifrs-full_EquityMember_de475959-a911-44c6-b20a-6114abdcb53e" xlink:to="loc_ifrs-full_OtherReservesMember_3af10a49-10c2-43d3-a945-74bd0395df46" xlink:type="arc" order="1"/>
    <link:loc xlink:type="locator" xlink:label="loc_ifrs-full_RetainedEarningsMember_c9bf941b-1432-420f-a55e-de8f06a432f2" xlink:href="http://xbrl.ifrs.org/taxonomy/2019-03-27/full_ifrs/full_ifrs-cor_2019-03-27.xsd#ifrs-full_RetainedEarningsMember"/>
    <link:definitionArc xlink:arcrole="http://xbrl.org/int/dim/arcrole/domain-member" xlink:from="loc_ifrs-full_EquityMember_de475959-a911-44c6-b20a-6114abdcb53e" xlink:to="loc_ifrs-full_RetainedEarningsMember_c9bf941b-1432-420f-a55e-de8f06a432f2" xlink:type="arc" order="2"/>
  </link:definitionLink>
  <link:roleRef roleURI="http://www.esma.europa.eu/xbrl/role/cor/esef_role-999999" xlink:type="simple" xlink:href="http://www.esma.europa.eu/taxonomy/2019-03-27/esef_cor.xsd#esef_role-999999"/>
  <link:definitionLink xlink:role="http://www.esma.europa.eu/xbrl/role/cor/esef_role-999999" xlink:type="extended">
    <link:loc xlink:type="locator" xlink:label="loc_esef_cor_LineItemsNotDimensionallyQualifiedPlaceholder" xlink:href="http://www.esma.europa.eu/taxonomy/2019-03-27/esef_cor.xsd#esef_cor_LineItemsNotDimensionallyQualifiedPlaceholder"/>
    <link:loc xlink:type="locator" xlink:label="loc_ifrs-full_LicenceFeeIncome_934788d2-485c-4419-ab7c-ff5f96fc540eNotDimensionallyQualified" xlink:href="http://xbrl.ifrs.org/taxonomy/2019-03-27/full_ifrs/full_ifrs-cor_2019-03-27.xsd#ifrs-full_LicenceFeeIncome"/>
    <link:definitionArc xlink:arcrole="http://xbrl.org/int/dim/arcrole/domain-member" xlink:from="loc_esef_cor_LineItemsNotDimensionallyQualifiedPlaceholder" xlink:to="loc_ifrs-full_LicenceFeeIncome_934788d2-485c-4419-ab7c-ff5f96fc540eNotDimensionallyQualified" xlink:type="arc" order="0"/>
    <link:loc xlink:type="locator" xlink:label="loc_ifrs-full_WagesAndSalaries_f78fef48-4955-4371-a2a3-92b6d0d18ff8NotDimensionallyQualified" xlink:href="http://xbrl.ifrs.org/taxonomy/2019-03-27/full_ifrs/full_ifrs-cor_2019-03-27.xsd#ifrs-full_WagesAndSalaries"/>
    <link:definitionArc xlink:arcrole="http://xbrl.org/int/dim/arcrole/domain-member" xlink:from="loc_esef_cor_LineItemsNotDimensionallyQualifiedPlaceholder" xlink:to="loc_ifrs-full_WagesAndSalaries_f78fef48-4955-4371-a2a3-92b6d0d18ff8NotDimensionallyQualified" xlink:type="arc" order="1"/>
    <link:loc xlink:type="locator" xlink:label="loc_gleif_SocialContributionsAndExpensesForPensionsAndCare_f1d3cb67-66a3-451c-b4d7-d68a1dd3880aNotDimensionallyQualified" xlink:href="gleif-2020-12-31.xsd#gleif_SocialContributionsAndExpensesForPensionsAndCare"/>
    <link:definitionArc xlink:arcrole="http://xbrl.org/int/dim/arcrole/domain-member" xlink:from="loc_esef_cor_LineItemsNotDimensionallyQualifiedPlaceholder" xlink:to="loc_gleif_SocialContributionsAndExpensesForPensionsAndCare_f1d3cb67-66a3-451c-b4d7-d68a1dd3880aNotDimensionallyQualified" xlink:type="arc" order="2"/>
    <link:loc xlink:type="locator" xlink:label="loc_ifrs-full_EmployeeBenefitsExpense_d78be43c-1784-4a34-89f9-6f0244fcfbdcNotDimensionallyQualified" xlink:href="http://xbrl.ifrs.org/taxonomy/2019-03-27/full_ifrs/full_ifrs-cor_2019-03-27.xsd#ifrs-full_EmployeeBenefitsExpense"/>
    <link:definitionArc xlink:arcrole="http://xbrl.org/int/dim/arcrole/domain-member" xlink:from="loc_esef_cor_LineItemsNotDimensionallyQualifiedPlaceholder" xlink:to="loc_ifrs-full_EmployeeBenefitsExpense_d78be43c-1784-4a34-89f9-6f0244fcfbdcNotDimensionallyQualified" xlink:type="arc" order="3"/>
    <link:loc xlink:type="locator" xlink:label="loc_ifrs-full_OtherExpenseByNature_082d3b70-a412-4aee-8a3d-bc846393bf6bNotDimensionallyQualified" xlink:href="http://xbrl.ifrs.org/taxonomy/2019-03-27/full_ifrs/full_ifrs-cor_2019-03-27.xsd#ifrs-full_OtherExpenseByNature"/>
    <link:definitionArc xlink:arcrole="http://xbrl.org/int/dim/arcrole/domain-member" xlink:from="loc_esef_cor_LineItemsNotDimensionallyQualifiedPlaceholder" xlink:to="loc_ifrs-full_OtherExpenseByNature_082d3b70-a412-4aee-8a3d-bc846393bf6bNotDimensionallyQualified" xlink:type="arc" order="4"/>
    <link:loc xlink:type="locator" xlink:label="loc_ifrs-full_OtherIncome_3a505de2-caa4-4056-8844-88c076920fffNotDimensionallyQualified" xlink:href="http://xbrl.ifrs.org/taxonomy/2019-03-27/full_ifrs/full_ifrs-cor_2019-03-27.xsd#ifrs-full_OtherIncome"/>
    <link:definitionArc xlink:arcrole="http://xbrl.org/int/dim/arcrole/domain-member" xlink:from="loc_esef_cor_LineItemsNotDimensionallyQualifiedPlaceholder" xlink:to="loc_ifrs-full_OtherIncome_3a505de2-caa4-4056-8844-88c076920fffNotDimensionallyQualified" xlink:type="arc" order="5"/>
    <link:loc xlink:type="locator" xlink:label="loc_ifrs-full_DepreciationAndAmortisationExpense_6e34abe7-a6ed-4cbe-a9b7-06bf464c9d57NotDimensionallyQualified" xlink:href="http://xbrl.ifrs.org/taxonomy/2019-03-27/full_ifrs/full_ifrs-cor_2019-03-27.xsd#ifrs-full_DepreciationAndAmortisationExpense"/>
    <link:definitionArc xlink:arcrole="http://xbrl.org/int/dim/arcrole/domain-member" xlink:from="loc_esef_cor_LineItemsNotDimensionallyQualifiedPlaceholder" xlink:to="loc_ifrs-full_DepreciationAndAmortisationExpense_6e34abe7-a6ed-4cbe-a9b7-06bf464c9d57NotDimensionallyQualified" xlink:type="arc" order="6"/>
    <link:loc xlink:type="locator" xlink:label="loc_ifrs-full_ProfitLossFromOperatingActivities_17c359d0-3496-4d4b-823b-053a3f797897NotDimensionallyQualified" xlink:href="http://xbrl.ifrs.org/taxonomy/2019-03-27/full_ifrs/full_ifrs-cor_2019-03-27.xsd#ifrs-full_ProfitLossFromOperatingActivities"/>
    <link:definitionArc xlink:arcrole="http://xbrl.org/int/dim/arcrole/domain-member" xlink:from="loc_esef_cor_LineItemsNotDimensionallyQualifiedPlaceholder" xlink:to="loc_ifrs-full_ProfitLossFromOperatingActivities_17c359d0-3496-4d4b-823b-053a3f797897NotDimensionallyQualified" xlink:type="arc" order="7"/>
    <link:loc xlink:type="locator" xlink:label="loc_ifrs-full_RevenueFromGovernmentGrants_00b1647f-2c72-49ac-8702-115817807d72NotDimensionallyQualified" xlink:href="http://xbrl.ifrs.org/taxonomy/2019-03-27/full_ifrs/full_ifrs-cor_2019-03-27.xsd#ifrs-full_RevenueFromGovernmentGrants"/>
    <link:definitionArc xlink:arcrole="http://xbrl.org/int/dim/arcrole/domain-member" xlink:from="loc_esef_cor_LineItemsNotDimensionallyQualifiedPlaceholder" xlink:to="loc_ifrs-full_RevenueFromGovernmentGrants_00b1647f-2c72-49ac-8702-115817807d72NotDimensionallyQualified" xlink:type="arc" order="8"/>
    <link:loc xlink:type="locator" xlink:label="loc_ifrs-full_FinanceIncomeCost_e7b68275-2e63-4914-b695-bab6c106fca9NotDimensionallyQualified" xlink:href="http://xbrl.ifrs.org/taxonomy/2019-03-27/full_ifrs/full_ifrs-cor_2019-03-27.xsd#ifrs-full_FinanceIncomeCost"/>
    <link:definitionArc xlink:arcrole="http://xbrl.org/int/dim/arcrole/domain-member" xlink:from="loc_esef_cor_LineItemsNotDimensionallyQualifiedPlaceholder" xlink:to="loc_ifrs-full_FinanceIncomeCost_e7b68275-2e63-4914-b695-bab6c106fca9NotDimensionallyQualified" xlink:type="arc" order="9"/>
    <link:loc xlink:type="locator" xlink:label="loc_ifrs-full_ProfitLoss_c8577d65-725d-4b91-bb0b-df41da39bc4eNotDimensionallyQualified" xlink:href="http://xbrl.ifrs.org/taxonomy/2019-03-27/full_ifrs/full_ifrs-cor_2019-03-27.xsd#ifrs-full_ProfitLoss"/>
    <link:definitionArc xlink:arcrole="http://xbrl.org/int/dim/arcrole/domain-member" xlink:from="loc_esef_cor_LineItemsNotDimensionallyQualifiedPlaceholder" xlink:to="loc_ifrs-full_ProfitLoss_c8577d65-725d-4b91-bb0b-df41da39bc4eNotDimensionallyQualified" xlink:type="arc" order="10"/>
    <link:loc xlink:type="locator" xlink:label="loc_ifrs-full_OtherComprehensiveIncomeNetOfTaxGainsLossesOnRemeasurementsOfDefinedBenefitPlans_756ba04b-831f-4bc2-bdf6-9ee1f8671b63NotDimensionallyQualified" xlink:href="http://xbrl.ifrs.org/taxonomy/2019-03-27/full_ifrs/full_ifrs-cor_2019-03-27.xsd#ifrs-full_OtherComprehensiveIncomeNetOfTaxGainsLossesOnRemeasurementsOfDefinedBenefitPlans"/>
    <link:definitionArc xlink:arcrole="http://xbrl.org/int/dim/arcrole/domain-member" xlink:from="loc_esef_cor_LineItemsNotDimensionallyQualifiedPlaceholder" xlink:to="loc_ifrs-full_OtherComprehensiveIncomeNetOfTaxGainsLossesOnRemeasurementsOfDefinedBenefitPlans_756ba04b-831f-4bc2-bdf6-9ee1f8671b63NotDimensionallyQualified" xlink:type="arc" order="11"/>
    <link:loc xlink:type="locator" xlink:label="loc_ifrs-full_OtherComprehensiveIncomeThatWillNotBeReclassifiedToProfitOrLossNetOfTax_9fed42ef-089c-4aa3-b47a-3c82a83127c3NotDimensionallyQualified" xlink:href="http://xbrl.ifrs.org/taxonomy/2019-03-27/full_ifrs/full_ifrs-cor_2019-03-27.xsd#ifrs-full_OtherComprehensiveIncomeThatWillNotBeReclassifiedToProfitOrLossNetOfTax"/>
    <link:definitionArc xlink:arcrole="http://xbrl.org/int/dim/arcrole/domain-member" xlink:from="loc_esef_cor_LineItemsNotDimensionallyQualifiedPlaceholder" xlink:to="loc_ifrs-full_OtherComprehensiveIncomeThatWillNotBeReclassifiedToProfitOrLossNetOfTax_9fed42ef-089c-4aa3-b47a-3c82a83127c3NotDimensionallyQualified" xlink:type="arc" order="12"/>
    <link:loc xlink:type="locator" xlink:label="loc_ifrs-full_OtherComprehensiveIncome_b5c07a63-a807-494f-86f5-2c24a070d603NotDimensionallyQualified" xlink:href="http://xbrl.ifrs.org/taxonomy/2019-03-27/full_ifrs/full_ifrs-cor_2019-03-27.xsd#ifrs-full_OtherComprehensiveIncome"/>
    <link:definitionArc xlink:arcrole="http://xbrl.org/int/dim/arcrole/domain-member" xlink:from="loc_esef_cor_LineItemsNotDimensionallyQualifiedPlaceholder" xlink:to="loc_ifrs-full_OtherComprehensiveIncome_b5c07a63-a807-494f-86f5-2c24a070d603NotDimensionallyQualified" xlink:type="arc" order="13"/>
    <link:loc xlink:type="locator" xlink:label="loc_ifrs-full_ComprehensiveIncome_8fa07496-c506-4266-a5d2-f248b2825b37NotDimensionallyQualified" xlink:href="http://xbrl.ifrs.org/taxonomy/2019-03-27/full_ifrs/full_ifrs-cor_2019-03-27.xsd#ifrs-full_ComprehensiveIncome"/>
    <link:definitionArc xlink:arcrole="http://xbrl.org/int/dim/arcrole/domain-member" xlink:from="loc_esef_cor_LineItemsNotDimensionallyQualifiedPlaceholder" xlink:to="loc_ifrs-full_ComprehensiveIncome_8fa07496-c506-4266-a5d2-f248b2825b37NotDimensionallyQualified" xlink:type="arc" order="14"/>
    <link:loc xlink:type="locator" xlink:label="loc_ifrs-full_CurrentTradeReceivables_c3ce75bc-83f2-47cb-ada8-f071d0a3f21fNotDimensionallyQualified" xlink:href="http://xbrl.ifrs.org/taxonomy/2019-03-27/full_ifrs/full_ifrs-cor_2019-03-27.xsd#ifrs-full_CurrentTradeReceivables"/>
    <link:definitionArc xlink:arcrole="http://xbrl.org/int/dim/arcrole/domain-member" xlink:from="loc_esef_cor_LineItemsNotDimensionallyQualifiedPlaceholder" xlink:to="loc_ifrs-full_CurrentTradeReceivables_c3ce75bc-83f2-47cb-ada8-f071d0a3f21fNotDimensionallyQualified" xlink:type="arc" order="15"/>
    <link:loc xlink:type="locator" xlink:label="loc_ifrs-full_OtherCurrentFinancialAssets_5dfe357d-6ca1-4423-be5c-a6b7aadd9ac8NotDimensionallyQualified" xlink:href="http://xbrl.ifrs.org/taxonomy/2019-03-27/full_ifrs/full_ifrs-cor_2019-03-27.xsd#ifrs-full_OtherCurrentFinancialAssets"/>
    <link:definitionArc xlink:arcrole="http://xbrl.org/int/dim/arcrole/domain-member" xlink:from="loc_esef_cor_LineItemsNotDimensionallyQualifiedPlaceholder" xlink:to="loc_ifrs-full_OtherCurrentFinancialAssets_5dfe357d-6ca1-4423-be5c-a6b7aadd9ac8NotDimensionallyQualified" xlink:type="arc" order="16"/>
    <link:loc xlink:type="locator" xlink:label="loc_ifrs-full_OtherCurrentAssets_9812054a-c773-41a1-9e48-2709140a8c26NotDimensionallyQualified" xlink:href="http://xbrl.ifrs.org/taxonomy/2019-03-27/full_ifrs/full_ifrs-cor_2019-03-27.xsd#ifrs-full_OtherCurrentAssets"/>
    <link:definitionArc xlink:arcrole="http://xbrl.org/int/dim/arcrole/domain-member" xlink:from="loc_esef_cor_LineItemsNotDimensionallyQualifiedPlaceholder" xlink:to="loc_ifrs-full_OtherCurrentAssets_9812054a-c773-41a1-9e48-2709140a8c26NotDimensionallyQualified" xlink:type="arc" order="17"/>
    <link:loc xlink:type="locator" xlink:label="loc_ifrs-full_CashAndCashEquivalents_6e2f66b5-1c5a-4f36-8eee-69c36d24de2eNotDimensionallyQualified" xlink:href="http://xbrl.ifrs.org/taxonomy/2019-03-27/full_ifrs/full_ifrs-cor_2019-03-27.xsd#ifrs-full_CashAndCashEquivalents"/>
    <link:definitionArc xlink:arcrole="http://xbrl.org/int/dim/arcrole/domain-member" xlink:from="loc_esef_cor_LineItemsNotDimensionallyQualifiedPlaceholder" xlink:to="loc_ifrs-full_CashAndCashEquivalents_6e2f66b5-1c5a-4f36-8eee-69c36d24de2eNotDimensionallyQualified" xlink:type="arc" order="18"/>
    <link:loc xlink:type="locator" xlink:label="loc_ifrs-full_CurrentAssets_af519566-0176-42c8-9ce5-fc1224bee040NotDimensionallyQualified" xlink:href="http://xbrl.ifrs.org/taxonomy/2019-03-27/full_ifrs/full_ifrs-cor_2019-03-27.xsd#ifrs-full_CurrentAssets"/>
    <link:definitionArc xlink:arcrole="http://xbrl.org/int/dim/arcrole/domain-member" xlink:from="loc_esef_cor_LineItemsNotDimensionallyQualifiedPlaceholder" xlink:to="loc_ifrs-full_CurrentAssets_af519566-0176-42c8-9ce5-fc1224bee040NotDimensionallyQualified" xlink:type="arc" order="19"/>
    <link:loc xlink:type="locator" xlink:label="loc_ifrs-full_IntangibleAssetsOtherThanGoodwill_cf68ae9b-7085-429c-8239-fa12d310a94bNotDimensionallyQualified" xlink:href="http://xbrl.ifrs.org/taxonomy/2019-03-27/full_ifrs/full_ifrs-cor_2019-03-27.xsd#ifrs-full_IntangibleAssetsOtherThanGoodwill"/>
    <link:definitionArc xlink:arcrole="http://xbrl.org/int/dim/arcrole/domain-member" xlink:from="loc_esef_cor_LineItemsNotDimensionallyQualifiedPlaceholder" xlink:to="loc_ifrs-full_IntangibleAssetsOtherThanGoodwill_cf68ae9b-7085-429c-8239-fa12d310a94bNotDimensionallyQualified" xlink:type="arc" order="20"/>
    <link:loc xlink:type="locator" xlink:label="loc_ifrs-full_PropertyPlantAndEquipment_2dc88f09-e5ad-44ca-b215-8baa191ad0c7NotDimensionallyQualified" xlink:href="http://xbrl.ifrs.org/taxonomy/2019-03-27/full_ifrs/full_ifrs-cor_2019-03-27.xsd#ifrs-full_PropertyPlantAndEquipment"/>
    <link:definitionArc xlink:arcrole="http://xbrl.org/int/dim/arcrole/domain-member" xlink:from="loc_esef_cor_LineItemsNotDimensionallyQualifiedPlaceholder" xlink:to="loc_ifrs-full_PropertyPlantAndEquipment_2dc88f09-e5ad-44ca-b215-8baa191ad0c7NotDimensionallyQualified" xlink:type="arc" order="21"/>
    <link:loc xlink:type="locator" xlink:label="loc_ifrs-full_NoncurrentFinancialAssets_711fec99-8e41-4529-bc08-c677cfa5bfadNotDimensionallyQualified" xlink:href="http://xbrl.ifrs.org/taxonomy/2019-03-27/full_ifrs/full_ifrs-cor_2019-03-27.xsd#ifrs-full_NoncurrentFinancialAssets"/>
    <link:definitionArc xlink:arcrole="http://xbrl.org/int/dim/arcrole/domain-member" xlink:from="loc_esef_cor_LineItemsNotDimensionallyQualifiedPlaceholder" xlink:to="loc_ifrs-full_NoncurrentFinancialAssets_711fec99-8e41-4529-bc08-c677cfa5bfadNotDimensionallyQualified" xlink:type="arc" order="22"/>
    <link:loc xlink:type="locator" xlink:label="loc_ifrs-full_RightofuseAssets_e81d5dfb-cfff-4c9e-af0b-3478539871ccNotDimensionallyQualified" xlink:href="http://xbrl.ifrs.org/taxonomy/2019-03-27/full_ifrs/full_ifrs-cor_2019-03-27.xsd#ifrs-full_RightofuseAssets"/>
    <link:definitionArc xlink:arcrole="http://xbrl.org/int/dim/arcrole/domain-member" xlink:from="loc_esef_cor_LineItemsNotDimensionallyQualifiedPlaceholder" xlink:to="loc_ifrs-full_RightofuseAssets_e81d5dfb-cfff-4c9e-af0b-3478539871ccNotDimensionallyQualified" xlink:type="arc" order="23"/>
    <link:loc xlink:type="locator" xlink:label="loc_ifrs-full_NoncurrentAssets_6a365835-16eb-40c9-929c-274c8dc27f4aNotDimensionallyQualified" xlink:href="http://xbrl.ifrs.org/taxonomy/2019-03-27/full_ifrs/full_ifrs-cor_2019-03-27.xsd#ifrs-full_NoncurrentAssets"/>
    <link:definitionArc xlink:arcrole="http://xbrl.org/int/dim/arcrole/domain-member" xlink:from="loc_esef_cor_LineItemsNotDimensionallyQualifiedPlaceholder" xlink:to="loc_ifrs-full_NoncurrentAssets_6a365835-16eb-40c9-929c-274c8dc27f4aNotDimensionallyQualified" xlink:type="arc" order="24"/>
    <link:loc xlink:type="locator" xlink:label="loc_ifrs-full_Assets_1d412f4e-2d9d-40ab-800f-3830257b825dNotDimensionallyQualified" xlink:href="http://xbrl.ifrs.org/taxonomy/2019-03-27/full_ifrs/full_ifrs-cor_2019-03-27.xsd#ifrs-full_Assets"/>
    <link:definitionArc xlink:arcrole="http://xbrl.org/int/dim/arcrole/domain-member" xlink:from="loc_esef_cor_LineItemsNotDimensionallyQualifiedPlaceholder" xlink:to="loc_ifrs-full_Assets_1d412f4e-2d9d-40ab-800f-3830257b825dNotDimensionallyQualified" xlink:type="arc" order="25"/>
    <link:loc xlink:type="locator" xlink:label="loc_ifrs-full_TradeAndOtherCurrentPayablesToTradeSuppliers_46498d6e-985f-4927-ae6b-0d9f1a34d6b0NotDimensionallyQualified" xlink:href="http://xbrl.ifrs.org/taxonomy/2019-03-27/full_ifrs/full_ifrs-cor_2019-03-27.xsd#ifrs-full_TradeAndOtherCurrentPayablesToTradeSuppliers"/>
    <link:definitionArc xlink:arcrole="http://xbrl.org/int/dim/arcrole/domain-member" xlink:from="loc_esef_cor_LineItemsNotDimensionallyQualifiedPlaceholder" xlink:to="loc_ifrs-full_TradeAndOtherCurrentPayablesToTradeSuppliers_46498d6e-985f-4927-ae6b-0d9f1a34d6b0NotDimensionallyQualified" xlink:type="arc" order="26"/>
    <link:loc xlink:type="locator" xlink:label="loc_gleif_LiabilitiesDueToBoardDirectors_1bf6e993-9f52-4fb7-b5c2-6ebfe82fb989NotDimensionallyQualified" xlink:href="gleif-2020-12-31.xsd#gleif_LiabilitiesDueToBoardDirectors"/>
    <link:definitionArc xlink:arcrole="http://xbrl.org/int/dim/arcrole/domain-member" xlink:from="loc_esef_cor_LineItemsNotDimensionallyQualifiedPlaceholder" xlink:to="loc_gleif_LiabilitiesDueToBoardDirectors_1bf6e993-9f52-4fb7-b5c2-6ebfe82fb989NotDimensionallyQualified" xlink:type="arc" order="27"/>
    <link:loc xlink:type="locator" xlink:label="loc_ifrs-full_OtherCurrentFinancialLiabilities_1a90514a-5912-4279-afd9-d38409d60673NotDimensionallyQualified" xlink:href="http://xbrl.ifrs.org/taxonomy/2019-03-27/full_ifrs/full_ifrs-cor_2019-03-27.xsd#ifrs-full_OtherCurrentFinancialLiabilities"/>
    <link:definitionArc xlink:arcrole="http://xbrl.org/int/dim/arcrole/domain-member" xlink:from="loc_esef_cor_LineItemsNotDimensionallyQualifiedPlaceholder" xlink:to="loc_ifrs-full_OtherCurrentFinancialLiabilities_1a90514a-5912-4279-afd9-d38409d60673NotDimensionallyQualified" xlink:type="arc" order="28"/>
    <link:loc xlink:type="locator" xlink:label="loc_ifrs-full_OtherCurrentPayables_00dda1b5-b2c5-47cf-b2fc-567c8430fa83NotDimensionallyQualified" xlink:href="http://xbrl.ifrs.org/taxonomy/2019-03-27/full_ifrs/full_ifrs-cor_2019-03-27.xsd#ifrs-full_OtherCurrentPayables"/>
    <link:definitionArc xlink:arcrole="http://xbrl.org/int/dim/arcrole/domain-member" xlink:from="loc_esef_cor_LineItemsNotDimensionallyQualifiedPlaceholder" xlink:to="loc_ifrs-full_OtherCurrentPayables_00dda1b5-b2c5-47cf-b2fc-567c8430fa83NotDimensionallyQualified" xlink:type="arc" order="29"/>
    <link:loc xlink:type="locator" xlink:label="loc_ifrs-full_CurrentGovernmentGrants_f4bd1af3-7bfe-43cf-96e5-caadf17a2ce3NotDimensionallyQualified" xlink:href="http://xbrl.ifrs.org/taxonomy/2019-03-27/full_ifrs/full_ifrs-cor_2019-03-27.xsd#ifrs-full_CurrentGovernmentGrants"/>
    <link:definitionArc xlink:arcrole="http://xbrl.org/int/dim/arcrole/domain-member" xlink:from="loc_esef_cor_LineItemsNotDimensionallyQualifiedPlaceholder" xlink:to="loc_ifrs-full_CurrentGovernmentGrants_f4bd1af3-7bfe-43cf-96e5-caadf17a2ce3NotDimensionallyQualified" xlink:type="arc" order="30"/>
    <link:loc xlink:type="locator" xlink:label="loc_ifrs-full_CurrentLiabilities_9f7f15ad-f609-4006-a94e-ac50108066caNotDimensionallyQualified" xlink:href="http://xbrl.ifrs.org/taxonomy/2019-03-27/full_ifrs/full_ifrs-cor_2019-03-27.xsd#ifrs-full_CurrentLiabilities"/>
    <link:definitionArc xlink:arcrole="http://xbrl.org/int/dim/arcrole/domain-member" xlink:from="loc_esef_cor_LineItemsNotDimensionallyQualifiedPlaceholder" xlink:to="loc_ifrs-full_CurrentLiabilities_9f7f15ad-f609-4006-a94e-ac50108066caNotDimensionallyQualified" xlink:type="arc" order="31"/>
    <link:loc xlink:type="locator" xlink:label="loc_ifrs-full_NoncurrentRecognisedLiabilitiesDefinedBenefitPlan_26e6570f-ed8f-40d0-a82c-f67d7a35aa1fNotDimensionallyQualified" xlink:href="http://xbrl.ifrs.org/taxonomy/2019-03-27/full_ifrs/full_ifrs-cor_2019-03-27.xsd#ifrs-full_NoncurrentRecognisedLiabilitiesDefinedBenefitPlan"/>
    <link:definitionArc xlink:arcrole="http://xbrl.org/int/dim/arcrole/domain-member" xlink:from="loc_esef_cor_LineItemsNotDimensionallyQualifiedPlaceholder" xlink:to="loc_ifrs-full_NoncurrentRecognisedLiabilitiesDefinedBenefitPlan_26e6570f-ed8f-40d0-a82c-f67d7a35aa1fNotDimensionallyQualified" xlink:type="arc" order="32"/>
    <link:loc xlink:type="locator" xlink:label="loc_ifrs-full_OtherNoncurrentFinancialLiabilities_a49c98f5-7a56-49c9-8073-4175d92512d8NotDimensionallyQualified" xlink:href="http://xbrl.ifrs.org/taxonomy/2019-03-27/full_ifrs/full_ifrs-cor_2019-03-27.xsd#ifrs-full_OtherNoncurrentFinancialLiabilities"/>
    <link:definitionArc xlink:arcrole="http://xbrl.org/int/dim/arcrole/domain-member" xlink:from="loc_esef_cor_LineItemsNotDimensionallyQualifiedPlaceholder" xlink:to="loc_ifrs-full_OtherNoncurrentFinancialLiabilities_a49c98f5-7a56-49c9-8073-4175d92512d8NotDimensionallyQualified" xlink:type="arc" order="33"/>
    <link:loc xlink:type="locator" xlink:label="loc_ifrs-full_NoncurrentGovernmentGrants_81f9baba-91bb-48ea-bcd6-f71ccd9d474cNotDimensionallyQualified" xlink:href="http://xbrl.ifrs.org/taxonomy/2019-03-27/full_ifrs/full_ifrs-cor_2019-03-27.xsd#ifrs-full_NoncurrentGovernmentGrants"/>
    <link:definitionArc xlink:arcrole="http://xbrl.org/int/dim/arcrole/domain-member" xlink:from="loc_esef_cor_LineItemsNotDimensionallyQualifiedPlaceholder" xlink:to="loc_ifrs-full_NoncurrentGovernmentGrants_81f9baba-91bb-48ea-bcd6-f71ccd9d474cNotDimensionallyQualified" xlink:type="arc" order="34"/>
    <link:loc xlink:type="locator" xlink:label="loc_ifrs-full_NoncurrentLiabilities_fbc42165-acfc-44b1-bd61-11ac46cac70fNotDimensionallyQualified" xlink:href="http://xbrl.ifrs.org/taxonomy/2019-03-27/full_ifrs/full_ifrs-cor_2019-03-27.xsd#ifrs-full_NoncurrentLiabilities"/>
    <link:definitionArc xlink:arcrole="http://xbrl.org/int/dim/arcrole/domain-member" xlink:from="loc_esef_cor_LineItemsNotDimensionallyQualifiedPlaceholder" xlink:to="loc_ifrs-full_NoncurrentLiabilities_fbc42165-acfc-44b1-bd61-11ac46cac70fNotDimensionallyQualified" xlink:type="arc" order="35"/>
    <link:loc xlink:type="locator" xlink:label="loc_ifrs-full_IssuedCapital_ab128c36-4a92-45dc-82af-6dbb974b2516NotDimensionallyQualified" xlink:href="http://xbrl.ifrs.org/taxonomy/2019-03-27/full_ifrs/full_ifrs-cor_2019-03-27.xsd#ifrs-full_IssuedCapital"/>
    <link:definitionArc xlink:arcrole="http://xbrl.org/int/dim/arcrole/domain-member" xlink:from="loc_esef_cor_LineItemsNotDimensionallyQualifiedPlaceholder" xlink:to="loc_ifrs-full_IssuedCapital_ab128c36-4a92-45dc-82af-6dbb974b2516NotDimensionallyQualified" xlink:type="arc" order="36"/>
    <link:loc xlink:type="locator" xlink:label="loc_ifrs-full_OtherReserves_b0654d57-bf4a-428b-be10-6cda50e6c56aNotDimensionallyQualified" xlink:href="http://xbrl.ifrs.org/taxonomy/2019-03-27/full_ifrs/full_ifrs-cor_2019-03-27.xsd#ifrs-full_OtherReserves"/>
    <link:definitionArc xlink:arcrole="http://xbrl.org/int/dim/arcrole/domain-member" xlink:from="loc_esef_cor_LineItemsNotDimensionallyQualifiedPlaceholder" xlink:to="loc_ifrs-full_OtherReserves_b0654d57-bf4a-428b-be10-6cda50e6c56aNotDimensionallyQualified" xlink:type="arc" order="37"/>
    <link:loc xlink:type="locator" xlink:label="loc_ifrs-full_RetainedEarnings_77e917ce-28db-4e00-8696-b151d28df581NotDimensionallyQualified" xlink:href="http://xbrl.ifrs.org/taxonomy/2019-03-27/full_ifrs/full_ifrs-cor_2019-03-27.xsd#ifrs-full_RetainedEarnings"/>
    <link:definitionArc xlink:arcrole="http://xbrl.org/int/dim/arcrole/domain-member" xlink:from="loc_esef_cor_LineItemsNotDimensionallyQualifiedPlaceholder" xlink:to="loc_ifrs-full_RetainedEarnings_77e917ce-28db-4e00-8696-b151d28df581NotDimensionallyQualified" xlink:type="arc" order="38"/>
    <link:loc xlink:type="locator" xlink:label="loc_ifrs-full_Equity_a5c344c4-fb39-48de-9268-5d210602b641NotDimensionallyQualified" xlink:href="http://xbrl.ifrs.org/taxonomy/2019-03-27/full_ifrs/full_ifrs-cor_2019-03-27.xsd#ifrs-full_Equity"/>
    <link:definitionArc xlink:arcrole="http://xbrl.org/int/dim/arcrole/domain-member" xlink:from="loc_esef_cor_LineItemsNotDimensionallyQualifiedPlaceholder" xlink:to="loc_ifrs-full_Equity_a5c344c4-fb39-48de-9268-5d210602b641NotDimensionallyQualified" xlink:type="arc" order="39"/>
    <link:loc xlink:type="locator" xlink:label="loc_ifrs-full_EquityAndLiabilities_baedcd9a-4f70-47a0-a5a7-862f7c5bf6d1NotDimensionallyQualified" xlink:href="http://xbrl.ifrs.org/taxonomy/2019-03-27/full_ifrs/full_ifrs-cor_2019-03-27.xsd#ifrs-full_EquityAndLiabilities"/>
    <link:definitionArc xlink:arcrole="http://xbrl.org/int/dim/arcrole/domain-member" xlink:from="loc_esef_cor_LineItemsNotDimensionallyQualifiedPlaceholder" xlink:to="loc_ifrs-full_EquityAndLiabilities_baedcd9a-4f70-47a0-a5a7-862f7c5bf6d1NotDimensionallyQualified" xlink:type="arc" order="40"/>
    <link:loc xlink:type="locator" xlink:label="loc_ifrs-full_AdjustmentsForDepreciationAndAmortisationExpense_dba1dc30-3ab9-4dd4-86fa-dc9e985fcd65NotDimensionallyQualified" xlink:href="http://xbrl.ifrs.org/taxonomy/2019-03-27/full_ifrs/full_ifrs-cor_2019-03-27.xsd#ifrs-full_AdjustmentsForDepreciationAndAmortisationExpense"/>
    <link:definitionArc xlink:arcrole="http://xbrl.org/int/dim/arcrole/domain-member" xlink:from="loc_esef_cor_LineItemsNotDimensionallyQualifiedPlaceholder" xlink:to="loc_ifrs-full_AdjustmentsForDepreciationAndAmortisationExpense_dba1dc30-3ab9-4dd4-86fa-dc9e985fcd65NotDimensionallyQualified" xlink:type="arc" order="41"/>
    <link:loc xlink:type="locator" xlink:label="loc_ifrs-full_AdjustmentsForProvisions_2454d9f8-e87f-4791-96c4-15a750a7cf3eNotDimensionallyQualified" xlink:href="http://xbrl.ifrs.org/taxonomy/2019-03-27/full_ifrs/full_ifrs-cor_2019-03-27.xsd#ifrs-full_AdjustmentsForProvisions"/>
    <link:definitionArc xlink:arcrole="http://xbrl.org/int/dim/arcrole/domain-member" xlink:from="loc_esef_cor_LineItemsNotDimensionallyQualifiedPlaceholder" xlink:to="loc_ifrs-full_AdjustmentsForProvisions_2454d9f8-e87f-4791-96c4-15a750a7cf3eNotDimensionallyQualified" xlink:type="arc" order="42"/>
    <link:loc xlink:type="locator" xlink:label="loc_ifrs-full_AdjustmentsForLossesGainsOnDisposalOfNoncurrentAssets_6a5349f8-cc29-4f99-9118-85f06ed8e4e5NotDimensionallyQualified" xlink:href="http://xbrl.ifrs.org/taxonomy/2019-03-27/full_ifrs/full_ifrs-cor_2019-03-27.xsd#ifrs-full_AdjustmentsForLossesGainsOnDisposalOfNoncurrentAssets"/>
    <link:definitionArc xlink:arcrole="http://xbrl.org/int/dim/arcrole/domain-member" xlink:from="loc_esef_cor_LineItemsNotDimensionallyQualifiedPlaceholder" xlink:to="loc_ifrs-full_AdjustmentsForLossesGainsOnDisposalOfNoncurrentAssets_6a5349f8-cc29-4f99-9118-85f06ed8e4e5NotDimensionallyQualified" xlink:type="arc" order="43"/>
    <link:loc xlink:type="locator" xlink:label="loc_ifrs-full_AdjustmentsForFinanceIncomeCost_0e3eb2e5-d62c-4454-9032-8356d1e62983NotDimensionallyQualified" xlink:href="http://xbrl.ifrs.org/taxonomy/2019-03-27/full_ifrs/full_ifrs-cor_2019-03-27.xsd#ifrs-full_AdjustmentsForFinanceIncomeCost"/>
    <link:definitionArc xlink:arcrole="http://xbrl.org/int/dim/arcrole/domain-member" xlink:from="loc_esef_cor_LineItemsNotDimensionallyQualifiedPlaceholder" xlink:to="loc_ifrs-full_AdjustmentsForFinanceIncomeCost_0e3eb2e5-d62c-4454-9032-8356d1e62983NotDimensionallyQualified" xlink:type="arc" order="44"/>
    <link:loc xlink:type="locator" xlink:label="loc_ifrs-full_OtherAdjustmentsForNoncashItems_8fa6ac58-eab8-45ed-bfcc-b5fbeae3da48NotDimensionallyQualified" xlink:href="http://xbrl.ifrs.org/taxonomy/2019-03-27/full_ifrs/full_ifrs-cor_2019-03-27.xsd#ifrs-full_OtherAdjustmentsForNoncashItems"/>
    <link:definitionArc xlink:arcrole="http://xbrl.org/int/dim/arcrole/domain-member" xlink:from="loc_esef_cor_LineItemsNotDimensionallyQualifiedPlaceholder" xlink:to="loc_ifrs-full_OtherAdjustmentsForNoncashItems_8fa6ac58-eab8-45ed-bfcc-b5fbeae3da48NotDimensionallyQualified" xlink:type="arc" order="45"/>
    <link:loc xlink:type="locator" xlink:label="loc_ifrs-full_AdjustmentsForDecreaseIncreaseInTradeAndOtherReceivables_18c54a84-043f-49d6-abe6-6a21342f43d1NotDimensionallyQualified" xlink:href="http://xbrl.ifrs.org/taxonomy/2019-03-27/full_ifrs/full_ifrs-cor_2019-03-27.xsd#ifrs-full_AdjustmentsForDecreaseIncreaseInTradeAndOtherReceivables"/>
    <link:definitionArc xlink:arcrole="http://xbrl.org/int/dim/arcrole/domain-member" xlink:from="loc_esef_cor_LineItemsNotDimensionallyQualifiedPlaceholder" xlink:to="loc_ifrs-full_AdjustmentsForDecreaseIncreaseInTradeAndOtherReceivables_18c54a84-043f-49d6-abe6-6a21342f43d1NotDimensionallyQualified" xlink:type="arc" order="46"/>
    <link:loc xlink:type="locator" xlink:label="loc_ifrs-full_AdjustmentsForIncreaseDecreaseInTradeAndOtherPayables_21d37526-4ffd-47a8-a1de-5ed927674260NotDimensionallyQualified" xlink:href="http://xbrl.ifrs.org/taxonomy/2019-03-27/full_ifrs/full_ifrs-cor_2019-03-27.xsd#ifrs-full_AdjustmentsForIncreaseDecreaseInTradeAndOtherPayables"/>
    <link:definitionArc xlink:arcrole="http://xbrl.org/int/dim/arcrole/domain-member" xlink:from="loc_esef_cor_LineItemsNotDimensionallyQualifiedPlaceholder" xlink:to="loc_ifrs-full_AdjustmentsForIncreaseDecreaseInTradeAndOtherPayables_21d37526-4ffd-47a8-a1de-5ed927674260NotDimensionallyQualified" xlink:type="arc" order="47"/>
    <link:loc xlink:type="locator" xlink:label="loc_ifrs-full_InterestReceivedClassifiedAsOperatingActivities_52aeddc9-9ebe-4dae-a227-7cb898be3b08NotDimensionallyQualified" xlink:href="http://xbrl.ifrs.org/taxonomy/2019-03-27/full_ifrs/full_ifrs-cor_2019-03-27.xsd#ifrs-full_InterestReceivedClassifiedAsOperatingActivities"/>
    <link:definitionArc xlink:arcrole="http://xbrl.org/int/dim/arcrole/domain-member" xlink:from="loc_esef_cor_LineItemsNotDimensionallyQualifiedPlaceholder" xlink:to="loc_ifrs-full_InterestReceivedClassifiedAsOperatingActivities_52aeddc9-9ebe-4dae-a227-7cb898be3b08NotDimensionallyQualified" xlink:type="arc" order="48"/>
    <link:loc xlink:type="locator" xlink:label="loc_ifrs-full_CashFlowsFromUsedInOperatingActivities_eef826e5-173a-4608-bb04-dea24b9fc7f7NotDimensionallyQualified" xlink:href="http://xbrl.ifrs.org/taxonomy/2019-03-27/full_ifrs/full_ifrs-cor_2019-03-27.xsd#ifrs-full_CashFlowsFromUsedInOperatingActivities"/>
    <link:definitionArc xlink:arcrole="http://xbrl.org/int/dim/arcrole/domain-member" xlink:from="loc_esef_cor_LineItemsNotDimensionallyQualifiedPlaceholder" xlink:to="loc_ifrs-full_CashFlowsFromUsedInOperatingActivities_eef826e5-173a-4608-bb04-dea24b9fc7f7NotDimensionallyQualified" xlink:type="arc" order="49"/>
    <link:loc xlink:type="locator" xlink:label="loc_ifrs-full_ProceedsFromDisposalsOfPropertyPlantAndEquipmentIntangibleAssetsOtherThanGoodwillInvestmentPropertyAndOtherNoncurrentAssets_b75488cd-831c-4dd4-b006-da5157d0b4f5NotDimensionallyQualified" xlink:href="http://xbrl.ifrs.org/taxonomy/2019-03-27/full_ifrs/full_ifrs-cor_2019-03-27.xsd#ifrs-full_ProceedsFromDisposalsOfPropertyPlantAndEquipmentIntangibleAssetsOtherThanGoodwillInvestmentPropertyAndOtherNoncurrentAssets"/>
    <link:definitionArc xlink:arcrole="http://xbrl.org/int/dim/arcrole/domain-member" xlink:from="loc_esef_cor_LineItemsNotDimensionallyQualifiedPlaceholder" xlink:to="loc_ifrs-full_ProceedsFromDisposalsOfPropertyPlantAndEquipmentIntangibleAssetsOtherThanGoodwillInvestmentPropertyAndOtherNoncurrentAssets_b75488cd-831c-4dd4-b006-da5157d0b4f5NotDimensionallyQualified" xlink:type="arc" order="50"/>
    <link:loc xlink:type="locator" xlink:label="loc_ifrs-full_PurchaseOfPropertyPlantAndEquipmentIntangibleAssetsOtherThanGoodwillInvestmentPropertyAndOtherNoncurrentAssets_71790ead-ebdd-49b1-ab0e-667869ae3e9bNotDimensionallyQualified" xlink:href="http://xbrl.ifrs.org/taxonomy/2019-03-27/full_ifrs/full_ifrs-cor_2019-03-27.xsd#ifrs-full_PurchaseOfPropertyPlantAndEquipmentIntangibleAssetsOtherThanGoodwillInvestmentPropertyAndOtherNoncurrentAssets"/>
    <link:definitionArc xlink:arcrole="http://xbrl.org/int/dim/arcrole/domain-member" xlink:from="loc_esef_cor_LineItemsNotDimensionallyQualifiedPlaceholder" xlink:to="loc_ifrs-full_PurchaseOfPropertyPlantAndEquipmentIntangibleAssetsOtherThanGoodwillInvestmentPropertyAndOtherNoncurrentAssets_71790ead-ebdd-49b1-ab0e-667869ae3e9bNotDimensionallyQualified" xlink:type="arc" order="51"/>
    <link:loc xlink:type="locator" xlink:label="loc_ifrs-full_ProceedsFromSalesOrMaturityOfFinancialInstrumentsClassifiedAsInvestingActivities_b065d36f-55aa-48cc-96bf-4f27c30c9f97NotDimensionallyQualified" xlink:href="http://xbrl.ifrs.org/taxonomy/2019-03-27/full_ifrs/full_ifrs-cor_2019-03-27.xsd#ifrs-full_ProceedsFromSalesOrMaturityOfFinancialInstrumentsClassifiedAsInvestingActivities"/>
    <link:definitionArc xlink:arcrole="http://xbrl.org/int/dim/arcrole/domain-member" xlink:from="loc_esef_cor_LineItemsNotDimensionallyQualifiedPlaceholder" xlink:to="loc_ifrs-full_ProceedsFromSalesOrMaturityOfFinancialInstrumentsClassifiedAsInvestingActivities_b065d36f-55aa-48cc-96bf-4f27c30c9f97NotDimensionallyQualified" xlink:type="arc" order="52"/>
    <link:loc xlink:type="locator" xlink:label="loc_ifrs-full_PurchaseOfFinancialInstrumentsClassifiedAsInvestingActivities_9d692af7-91ab-4247-9ba6-eeaea3860f20NotDimensionallyQualified" xlink:href="http://xbrl.ifrs.org/taxonomy/2019-03-27/full_ifrs/full_ifrs-cor_2019-03-27.xsd#ifrs-full_PurchaseOfFinancialInstrumentsClassifiedAsInvestingActivities"/>
    <link:definitionArc xlink:arcrole="http://xbrl.org/int/dim/arcrole/domain-member" xlink:from="loc_esef_cor_LineItemsNotDimensionallyQualifiedPlaceholder" xlink:to="loc_ifrs-full_PurchaseOfFinancialInstrumentsClassifiedAsInvestingActivities_9d692af7-91ab-4247-9ba6-eeaea3860f20NotDimensionallyQualified" xlink:type="arc" order="53"/>
    <link:loc xlink:type="locator" xlink:label="loc_ifrs-full_CashFlowsFromUsedInInvestingActivities_3dabab2f-d2e8-4d2f-9edc-d96933ae7717NotDimensionallyQualified" xlink:href="http://xbrl.ifrs.org/taxonomy/2019-03-27/full_ifrs/full_ifrs-cor_2019-03-27.xsd#ifrs-full_CashFlowsFromUsedInInvestingActivities"/>
    <link:definitionArc xlink:arcrole="http://xbrl.org/int/dim/arcrole/domain-member" xlink:from="loc_esef_cor_LineItemsNotDimensionallyQualifiedPlaceholder" xlink:to="loc_ifrs-full_CashFlowsFromUsedInInvestingActivities_3dabab2f-d2e8-4d2f-9edc-d96933ae7717NotDimensionallyQualified" xlink:type="arc" order="54"/>
    <link:loc xlink:type="locator" xlink:label="loc_ifrs-full_PaymentsOfLeaseLiabilitiesClassifiedAsFinancingActivities_d53bd693-927b-4db1-a250-4a4b2969fe87NotDimensionallyQualified" xlink:href="http://xbrl.ifrs.org/taxonomy/2019-03-27/full_ifrs/full_ifrs-cor_2019-03-27.xsd#ifrs-full_PaymentsOfLeaseLiabilitiesClassifiedAsFinancingActivities"/>
    <link:definitionArc xlink:arcrole="http://xbrl.org/int/dim/arcrole/domain-member" xlink:from="loc_esef_cor_LineItemsNotDimensionallyQualifiedPlaceholder" xlink:to="loc_ifrs-full_PaymentsOfLeaseLiabilitiesClassifiedAsFinancingActivities_d53bd693-927b-4db1-a250-4a4b2969fe87NotDimensionallyQualified" xlink:type="arc" order="55"/>
    <link:loc xlink:type="locator" xlink:label="loc_gleif_PaymentsForOtherFinancingLiabilities_d72cf74f-bc68-4363-8c17-8b78b15d4c63NotDimensionallyQualified" xlink:href="gleif-2020-12-31.xsd#gleif_PaymentsForOtherFinancingLiabilities"/>
    <link:definitionArc xlink:arcrole="http://xbrl.org/int/dim/arcrole/domain-member" xlink:from="loc_esef_cor_LineItemsNotDimensionallyQualifiedPlaceholder" xlink:to="loc_gleif_PaymentsForOtherFinancingLiabilities_d72cf74f-bc68-4363-8c17-8b78b15d4c63NotDimensionallyQualified" xlink:type="arc" order="56"/>
    <link:loc xlink:type="locator" xlink:label="loc_gleif_ProceedsFromOtherFinancingLiabilities_92bd754c-6386-40e6-ba0c-28db92213870NotDimensionallyQualified" xlink:href="gleif-2020-12-31.xsd#gleif_ProceedsFromOtherFinancingLiabilities"/>
    <link:definitionArc xlink:arcrole="http://xbrl.org/int/dim/arcrole/domain-member" xlink:from="loc_esef_cor_LineItemsNotDimensionallyQualifiedPlaceholder" xlink:to="loc_gleif_ProceedsFromOtherFinancingLiabilities_92bd754c-6386-40e6-ba0c-28db92213870NotDimensionallyQualified" xlink:type="arc" order="57"/>
    <link:loc xlink:type="locator" xlink:label="loc_ifrs-full_InterestPaidClassifiedAsFinancingActivities_65f15c16-0dac-4bb1-9f84-cd68661727b1NotDimensionallyQualified" xlink:href="http://xbrl.ifrs.org/taxonomy/2019-03-27/full_ifrs/full_ifrs-cor_2019-03-27.xsd#ifrs-full_InterestPaidClassifiedAsFinancingActivities"/>
    <link:definitionArc xlink:arcrole="http://xbrl.org/int/dim/arcrole/domain-member" xlink:from="loc_esef_cor_LineItemsNotDimensionallyQualifiedPlaceholder" xlink:to="loc_ifrs-full_InterestPaidClassifiedAsFinancingActivities_65f15c16-0dac-4bb1-9f84-cd68661727b1NotDimensionallyQualified" xlink:type="arc" order="58"/>
    <link:loc xlink:type="locator" xlink:label="loc_ifrs-full_CashFlowsFromUsedInFinancingActivities_41e9fbf9-579f-4dd2-8ec2-9dc3810a8c22NotDimensionallyQualified" xlink:href="http://xbrl.ifrs.org/taxonomy/2019-03-27/full_ifrs/full_ifrs-cor_2019-03-27.xsd#ifrs-full_CashFlowsFromUsedInFinancingActivities"/>
    <link:definitionArc xlink:arcrole="http://xbrl.org/int/dim/arcrole/domain-member" xlink:from="loc_esef_cor_LineItemsNotDimensionallyQualifiedPlaceholder" xlink:to="loc_ifrs-full_CashFlowsFromUsedInFinancingActivities_41e9fbf9-579f-4dd2-8ec2-9dc3810a8c22NotDimensionallyQualified" xlink:type="arc" order="59"/>
    <link:loc xlink:type="locator" xlink:label="loc_ifrs-full_IncreaseDecreaseInCashAndCashEquivalentsBeforeEffectOfExchangeRateChanges_10c9489b-d07b-4a07-a964-8715b203d6ceNotDimensionallyQualified" xlink:href="http://xbrl.ifrs.org/taxonomy/2019-03-27/full_ifrs/full_ifrs-cor_2019-03-27.xsd#ifrs-full_IncreaseDecreaseInCashAndCashEquivalentsBeforeEffectOfExchangeRateChanges"/>
    <link:definitionArc xlink:arcrole="http://xbrl.org/int/dim/arcrole/domain-member" xlink:from="loc_esef_cor_LineItemsNotDimensionallyQualifiedPlaceholder" xlink:to="loc_ifrs-full_IncreaseDecreaseInCashAndCashEquivalentsBeforeEffectOfExchangeRateChanges_10c9489b-d07b-4a07-a964-8715b203d6ceNotDimensionallyQualified" xlink:type="arc" order="60"/>
    <link:loc xlink:type="locator" xlink:label="loc_ifrs-full_EffectOfExchangeRateChangesOnCashAndCashEquivalents_f904f789-baf5-43a6-9d90-4ee3e2ea3ba8NotDimensionallyQualified" xlink:href="http://xbrl.ifrs.org/taxonomy/2019-03-27/full_ifrs/full_ifrs-cor_2019-03-27.xsd#ifrs-full_EffectOfExchangeRateChangesOnCashAndCashEquivalents"/>
    <link:definitionArc xlink:arcrole="http://xbrl.org/int/dim/arcrole/domain-member" xlink:from="loc_esef_cor_LineItemsNotDimensionallyQualifiedPlaceholder" xlink:to="loc_ifrs-full_EffectOfExchangeRateChangesOnCashAndCashEquivalents_f904f789-baf5-43a6-9d90-4ee3e2ea3ba8NotDimensionallyQualified" xlink:type="arc" order="61"/>
    <link:loc xlink:type="locator" xlink:label="loc_ifrs-full_NameOfReportingEntityOrOtherMeansOfIdentification_3be806cb-faec-4ca7-8736-02dcf698f6deNotDimensionallyQualified" xlink:href="http://xbrl.ifrs.org/taxonomy/2019-03-27/full_ifrs/full_ifrs-cor_2019-03-27.xsd#ifrs-full_NameOfReportingEntityOrOtherMeansOfIdentification"/>
    <link:definitionArc xlink:arcrole="http://xbrl.org/int/dim/arcrole/domain-member" xlink:from="loc_esef_cor_LineItemsNotDimensionallyQualifiedPlaceholder" xlink:to="loc_ifrs-full_NameOfReportingEntityOrOtherMeansOfIdentification_3be806cb-faec-4ca7-8736-02dcf698f6deNotDimensionallyQualified" xlink:type="arc" order="62"/>
    <link:loc xlink:type="locator" xlink:label="loc_ifrs-full_CountryOfIncorporation_0559e9fe-dd2e-4aba-a7f9-008522e48f62NotDimensionallyQualified" xlink:href="http://xbrl.ifrs.org/taxonomy/2019-03-27/full_ifrs/full_ifrs-cor_2019-03-27.xsd#ifrs-full_CountryOfIncorporation"/>
    <link:definitionArc xlink:arcrole="http://xbrl.org/int/dim/arcrole/domain-member" xlink:from="loc_esef_cor_LineItemsNotDimensionallyQualifiedPlaceholder" xlink:to="loc_ifrs-full_CountryOfIncorporation_0559e9fe-dd2e-4aba-a7f9-008522e48f62NotDimensionallyQualified" xlink:type="arc" order="63"/>
    <link:loc xlink:type="locator" xlink:label="loc_ifrs-full_PrincipalPlaceOfBusiness_9e896bcc-1d08-4278-a3cc-5ed7f4114c40NotDimensionallyQualified" xlink:href="http://xbrl.ifrs.org/taxonomy/2019-03-27/full_ifrs/full_ifrs-cor_2019-03-27.xsd#ifrs-full_PrincipalPlaceOfBusiness"/>
    <link:definitionArc xlink:arcrole="http://xbrl.org/int/dim/arcrole/domain-member" xlink:from="loc_esef_cor_LineItemsNotDimensionallyQualifiedPlaceholder" xlink:to="loc_ifrs-full_PrincipalPlaceOfBusiness_9e896bcc-1d08-4278-a3cc-5ed7f4114c40NotDimensionallyQualified" xlink:type="arc" order="64"/>
    <link:loc xlink:type="locator" xlink:label="loc_ifrs-full_LegalFormOfEntity_4cb18cd0-9c37-4eda-98b0-4f20803eebe1NotDimensionallyQualified" xlink:href="http://xbrl.ifrs.org/taxonomy/2019-03-27/full_ifrs/full_ifrs-cor_2019-03-27.xsd#ifrs-full_LegalFormOfEntity"/>
    <link:definitionArc xlink:arcrole="http://xbrl.org/int/dim/arcrole/domain-member" xlink:from="loc_esef_cor_LineItemsNotDimensionallyQualifiedPlaceholder" xlink:to="loc_ifrs-full_LegalFormOfEntity_4cb18cd0-9c37-4eda-98b0-4f20803eebe1NotDimensionallyQualified" xlink:type="arc" order="65"/>
    <link:loc xlink:type="locator" xlink:label="loc_ifrs-full_DomicileOfEntity_91dfa4b2-a55d-4c4c-96ca-a4d442a8b411NotDimensionallyQualified" xlink:href="http://xbrl.ifrs.org/taxonomy/2019-03-27/full_ifrs/full_ifrs-cor_2019-03-27.xsd#ifrs-full_DomicileOfEntity"/>
    <link:definitionArc xlink:arcrole="http://xbrl.org/int/dim/arcrole/domain-member" xlink:from="loc_esef_cor_LineItemsNotDimensionallyQualifiedPlaceholder" xlink:to="loc_ifrs-full_DomicileOfEntity_91dfa4b2-a55d-4c4c-96ca-a4d442a8b411NotDimensionallyQualified" xlink:type="arc" order="66"/>
    <link:loc xlink:type="locator" xlink:label="loc_ifrs-full_AddressOfRegisteredOfficeOfEntity_7f1bc34c-d47a-4cfd-90c8-8c4625daa376NotDimensionallyQualified" xlink:href="http://xbrl.ifrs.org/taxonomy/2019-03-27/full_ifrs/full_ifrs-cor_2019-03-27.xsd#ifrs-full_AddressOfRegisteredOfficeOfEntity"/>
    <link:definitionArc xlink:arcrole="http://xbrl.org/int/dim/arcrole/domain-member" xlink:from="loc_esef_cor_LineItemsNotDimensionallyQualifiedPlaceholder" xlink:to="loc_ifrs-full_AddressOfRegisteredOfficeOfEntity_7f1bc34c-d47a-4cfd-90c8-8c4625daa376NotDimensionallyQualified" xlink:type="arc" order="67"/>
    <link:loc xlink:type="locator" xlink:label="loc_ifrs-full_DescriptionOfNatureOfEntitysOperationsAndPrincipalActivities_0deb023d-9a75-4c44-a3e3-1de5b3039cddNotDimensionallyQualified" xlink:href="http://xbrl.ifrs.org/taxonomy/2019-03-27/full_ifrs/full_ifrs-cor_2019-03-27.xsd#ifrs-full_DescriptionOfNatureOfEntitysOperationsAndPrincipalActivities"/>
    <link:definitionArc xlink:arcrole="http://xbrl.org/int/dim/arcrole/domain-member" xlink:from="loc_esef_cor_LineItemsNotDimensionallyQualifiedPlaceholder" xlink:to="loc_ifrs-full_DescriptionOfNatureOfEntitysOperationsAndPrincipalActivities_0deb023d-9a75-4c44-a3e3-1de5b3039cddNotDimensionallyQualified" xlink:type="arc" order="68"/>
  </link:definitionLink>
  <link:roleRef roleURI="http://www.gleif.org/role/Anchoring" xlink:type="simple" xlink:href="gleif-2020-12-31.xsd#Anchoring"/>
  <link:definitionLink xlink:role="http://www.gleif.org/role/Anchoring" xlink:type="extended">
    <link:loc xlink:type="locator" xlink:label="loc_gleif_LiabilitiesDueToBoardDirectors_eae8d52d-f053-42f5-9af0-428047737451" xlink:href="gleif-2020-12-31.xsd#gleif_LiabilitiesDueToBoardDirectors"/>
    <link:loc xlink:type="locator" xlink:label="loc_ifrs-full_CurrentLiabilities" xlink:href="http://xbrl.ifrs.org/taxonomy/2019-03-27/full_ifrs/full_ifrs-cor_2019-03-27.xsd#ifrs-full_CurrentLiabilities"/>
    <link:definitionArc xlink:arcrole="http://www.esma.europa.eu/xbrl/esef/arcrole/wider-narrower" xlink:from="loc_ifrs-full_CurrentLiabilities" xlink:to="loc_gleif_LiabilitiesDueToBoardDirectors_eae8d52d-f053-42f5-9af0-428047737451" xlink:type="arc" order="1"/>
    <link:loc xlink:type="locator" xlink:label="loc_gleif_PaymentsForOtherFinancingLiabilities_8bd70584-99a4-48f6-b922-d65fd27c6390" xlink:href="gleif-2020-12-31.xsd#gleif_PaymentsForOtherFinancingLiabilities"/>
    <link:loc xlink:type="locator" xlink:label="loc_ifrs-full_CashFlowsFromUsedInFinancingActivities" xlink:href="http://xbrl.ifrs.org/taxonomy/2019-03-27/full_ifrs/full_ifrs-cor_2019-03-27.xsd#ifrs-full_CashFlowsFromUsedInFinancingActivities"/>
    <link:definitionArc xlink:arcrole="http://www.esma.europa.eu/xbrl/esef/arcrole/wider-narrower" xlink:from="loc_ifrs-full_CashFlowsFromUsedInFinancingActivities" xlink:to="loc_gleif_PaymentsForOtherFinancingLiabilities_8bd70584-99a4-48f6-b922-d65fd27c6390" xlink:type="arc" order="1"/>
    <link:loc xlink:type="locator" xlink:label="loc_gleif_ProceedsFromOtherFinancingLiabilities_4ac3e1a8-ea7f-49fd-bfe6-ace0813337ef" xlink:href="gleif-2020-12-31.xsd#gleif_ProceedsFromOtherFinancingLiabilities"/>
    <link:definitionArc xlink:arcrole="http://www.esma.europa.eu/xbrl/esef/arcrole/wider-narrower" xlink:from="loc_ifrs-full_CashFlowsFromUsedInFinancingActivities" xlink:to="loc_gleif_ProceedsFromOtherFinancingLiabilities_4ac3e1a8-ea7f-49fd-bfe6-ace0813337ef" xlink:type="arc" order="1"/>
    <link:loc xlink:type="locator" xlink:label="loc_gleif_SocialContributionsAndExpensesForPensionsAndCare_11533c13-9156-4aef-8379-fc5033affc3b" xlink:href="gleif-2020-12-31.xsd#gleif_SocialContributionsAndExpensesForPensionsAndCare"/>
    <link:loc xlink:type="locator" xlink:label="loc_ifrs-full_EmployeeBenefitsExpense" xlink:href="http://xbrl.ifrs.org/taxonomy/2019-03-27/full_ifrs/full_ifrs-cor_2019-03-27.xsd#ifrs-full_EmployeeBenefitsExpense"/>
    <link:definitionArc xlink:arcrole="http://www.esma.europa.eu/xbrl/esef/arcrole/wider-narrower" xlink:from="loc_ifrs-full_EmployeeBenefitsExpense" xlink:to="loc_gleif_SocialContributionsAndExpensesForPensionsAndCare_11533c13-9156-4aef-8379-fc5033affc3b" xlink:type="arc" order="1"/>
  </link:definitionLink>
</link:linkbase>
