<?xml version="1.0" encoding="UTF-8"?>
<tp:taxonomyPackage xml:lang="en" xmlns:tp="http://xbrl.org/2016/taxonomy-package"
    xmlns:xsi="http://www.w3.org/2001/XMLSchema-instance" xsi:schemaLocation="http://xbrl.org/2016/taxonomy-package http://www.xbrl.org/2016/taxonomy-package.xsd">
  <tp:identifier>http://www.gleif.org/20201231</tp:identifier>
  <tp:name>GLEIF Annual Report Taxonomy</tp:name>
  <tp:description>This is an extension taxonomy created for reporting Global Legal Entity Identifier Foundation's annual report. The taxonomy imports ESMA 2019 taxonomy.</tp:description>
  <tp:version>2020-12-31</tp:version>
  <tp:publisher>Global Legal Entity Identifier Foundation.</tp:publisher>
  <tp:publisherURL>https://www.gleif.org/</tp:publisherURL>
  <tp:publisherCountry>CH</tp:publisherCountry>
  <tp:publicationDate>2021-08-18</tp:publicationDate>
  <tp:entryPoints>
    <tp:entryPoint>
      <tp:name>GLEIF Annual Report</tp:name>
      <tp:description>Elements, presentation tree calculation tree and dimension relationships for preparing Global Legal Entity Identifier Foundation's annual report.</tp:description>
      <tp:entryPointDocument href="http://www.gleif.org/20201231/gleif-2020-12-31.xsd"/>
    </tp:entryPoint>
  </tp:entryPoints>
</tp:taxonomyPackage>
